date,pe1,sd1,pe3,sd3,pe5,sd5,log_ret,shift_ret,proj,ds1,ds3,ds5,shp1,shp3,shp5,symbol,hsi1,hsi3,hsi5,HSC,trade
2019-01-02,130.94525874132938,2.0618204754122478,130.51193354495976,2.185920093948878,132.58236302280977,3.2205743584205946,-4.3570906210099736e-05,-0.01486513171886017,0.048567898145786485,2,2,3,23322,11132,31123,V,0.39931722385561913,0.2140653660883958,0.5,0.44965861192780954,0
2019-01-03,129.01313642716383,1.866178555311676,131.79408703338333,2.9977225087803174,133.9533512279432,3.6031012931538475,-0.01486513171886017,0.01968108121994394,0.05858248408551756,1,2,3,33221,11232,21123,V,0.12959871316282592,0.6551812301801129,0.5,0.5775906150900565,0
2019-01-04,131.57740546638607,2.2421685368664077,134.31780664851854,2.629372132634379,135.5540108906607,2.611861240662298,0.01968108121994394,0.024135453207469126,0.0349258777524683,3,3,3,32213,11223,21133,V,0.5641028350125544,0.6551812301801131,0.6505287260830197,0.6528549781315665,0
2019-01-07,134.79171920660005,1.4438574382098135,136.3920714153887,1.639372862660407,136.6995287434939,1.4152830094961508,0.024135453207469126,0.013211205432047457,0.01838724249967778,3,3,3,22133,11323,11133,V,0.4211107161964773,0.5,0.5,0.5,0
2019-01-08,136.58429527256942,1.0373032412759176,137.13364326010583,1.0769339137833507,137.05539418992004,0.9172729283046881,0.013211205432047457,0.008862836461196011,-0.00031599134567850747,3,3,3,21333,12323,11133,V,0.5641028350125544,0.7817914478228472,0.5,0.5320514175062772,0
2019-01-09,137.80019976699663,0.7653320913630283,137.37387641276666,0.8793761072236532,136.97310750434457,0.9836041301162418,0.008862836461196011,-0.005703928021805638,-0.003177811512326498,3,3,3,13333,12233,11233,V,0.5,0.40334114098635265,0.5,0.5,0
2019-01-10,137.01643474075144,1.2560765670315228,136.9641586366781,0.8417861927483835,136.8671009978653,0.9230374197519541,-0.005703928021805638,0.002103810094512326,0.003241411811144639,2,2,3,33332,13232,11233,V,0.6078235402885376,0.2140653660883957,0.5,0.5539117701442688,0
2019-01-11,137.30499473055193,0.5029571588674402,136.68296767132495,0.8601094560385042,136.77204121317658,0.8122725913174297,0.002103810094512326,-0.005359724389735199,-0.0016523270558980758,2,2,3,33322,23232,11333,V,0.47625801401615464,0.0,0.5,0.4881290070080773,0
2019-01-14,136.57104643873086,0.6347714190001085,136.67135850600772,0.9234270813508476,136.7835016082214,0.8754826987741023,-0.005359724389735199,-0.0029198443289759624,0.0014165576761601302,1,2,2,33221,22332,11332,V,0.12959871316282592,0.3909561729940436,0.7288300473006776,0.26027744307843476,0
2019-01-15,136.17286184469202,1.0849517884228481,136.66138829886665,0.9107222060194616,136.96140460660345,0.9642831525744755,-0.0029198443289759624,0.008025885931898458,0.015111860195147481,2,2,2,32212,32322,11332,V,0.11947497935652361,0.3745167967986425,0.7288300473006776,0.24699588807758308,0
2019-01-16,137.27016723460028,0.8507241239199295,137.0578665858947,0.811697300128165,137.14245663223477,0.9363778386066042,0.008025885931898458,-0.005325077028553338,-0.010621812836232423,3,2,2,22123,32322,12332,V,0.34354295263587864,0.3745167967986425,0.6183333517192724,0.35902987471726056,0
2019-01-17,136.5411358173077,0.5556036818550685,137.12133131790833,0.8938673577962181,137.04132462589567,0.933892839489042,-0.005325077028553338,0.005996006264741283,-0.01158955282394816,1,2,2,21231,23322,12332,V,0.08727529575886293,0.4587307392731111,0.6183333517192724,0.5385320454961917,0
2019-01-18,137.36229670577617,0.9185236009148267,137.30032670308864,1.0335869723780478,137.37923488148658,1.024118914455207,0.005996006264741283,0.0007151132167004803,-0.008957811943509707,2,2,2,12312,23222,13332,V,0.5641028350125546,0.42668154128101354,0.6135275259760519,0.5888151804943033,0
2019-01-22,137.46056143064104,1.0476595169989487,137.10106353546487,1.0294811216489645,137.06919738237855,1.2648348473440225,0.0007151132167004803,-0.0027860533199088877,-0.025369204188088936,2,2,2,23122,23222,13322,V,0.34273390134002296,0.42668154128101354,0.8055597390521353,0.3847077213105182,0
2019-01-23,137.0781219728487,1.367714949837405,137.35777209033856,1.1309936020453975,136.56882211847255,1.5218424281128937,-0.0027860533199088877,-0.002290475431067307,0.0004392288361007221,2,2,2,31222,33222,13322,V,0.5,0.5072153347886542,0.8055597390521353,0.503607667394327,0
2019-01-24,136.76450720290487,0.7705626446036324,136.93576783613435,1.3706338777526872,136.37956394065426,1.4753309753232158,-0.002290475431067307,0.010663413876399908,0.02245295565159938,2,2,2,12222,32222,23322,V,0.8115147269936,0.5689137724466367,1.0,0.9057573634968,1
2019-01-25,138.23068709526214,0.7976604966951567,136.3338271388698,1.7775739995662887,135.82132177605288,1.7630446398069028,0.010663413876399908,-0.017651554539313885,0.024777586669166834,3,2,2,22223,32222,23322,V,0.6659725401405538,0.5689137724466367,1.0,0.6174431562935953,1
2019-01-28,135.81210921023603,1.3038280976542298,135.63420846836814,1.2321205195243587,135.60285048436396,1.8348740973935447,-0.017651554539313885,-0.006303685205529597,0.03865752554326899,1,1,2,22231,32221,33322,V,0.6082763870137464,0.7356821295110528,0.9798136907406451,0.6719792582623996,1
2019-01-29,134.95868511111112,1.2521502949845364,135.0212708582554,1.3865598241196893,136.40748356588568,2.5301977234216513,-0.006303685205529597,0.008655067041708264,0.03313081925001914,2,1,2,22312,22221,33222,V,0.4755176123544862,0.7510539934031466,0.4997667229007671,0.4876421676276267,1
2019-01-30,136.13183108375725,1.147947664684035,135.74781936682425,2.175855259467046,137.74688852868414,3.108575333940952,0.008655067041708264,-0.01598326308267417,0.019895617293213153,3,2,2,23123,22222,33222,V,0.6609400572803388,0.8576354773531563,0.4997667229007671,0.580353390090553,1
2019-01-31,133.97329637989776,1.0245309509292364,136.98230054485336,3.019845533989911,138.73297617015592,3.2017539475693746,-0.01598326308267417,0.023349629743829148,0.04897185852791786,1,2,2,31231,22212,33222,V,0.5,0.8591037411077866,0.4997667229007671,0.4998833614503836,1
2019-02-01,137.1383306368177,2.831712732220202,139.5431050599219,2.5296221429989147,139.82431227692584,2.0629977429330424,0.023349629743829148,0.01947499089925664,0.030263767036470116,3,3,3,12313,22213,33223,V,0.5,0.7911665302081488,0.9305611834701492,0.8608638568391489,1
2019-02-04,139.83527461784453,1.1885152470125913,140.85108461135465,1.0846939961355617,140.1646977288471,1.311416365395681,0.01947499089925664,0.012934415572212643,0.021274982703914695,3,3,3,23133,22223,33223,V,0.5,0.8185206417052745,0.9305611834701492,0.8745409125877118,1
2019-02-05,141.65570992510348,0.5065451632806698,140.71598537665568,1.134992847872674,140.30448634462476,1.2576484370131509,0.012934415572212643,-0.004198116491974879,0.0065225121601653335,3,3,3,31333,22123,32223,V,0.5,0.8592021510922853,0.8126638446982918,0.8359329978952885,1
2019-02-06,141.06226929111597,0.5885402857010502,139.77750136709588,1.2263536197798701,140.23107498500025,1.1914896189602255,-0.004198116491974879,-0.011638901437174276,0.02164462591609592,1,2,3,13331,22132,32223,V,0.5,0.27332531374067054,0.8126638446982918,0.3866626568703353,1
2019-02-07,139.4299769137476,0.7602945106498263,139.6014841689682,1.0750181342584306,140.58067466012432,1.6145558204507529,-0.011638901437174276,-0.004238469131026434,0.032851063936458175,1,1,3,33311,22231,32223,V,0.5,0.6551812301801129,0.8126638446982918,0.5775906150900565,1
2019-02-08,138.84025789642402,1.0280700730714216,140.22104290671257,1.3096926915392588,141.21061148050418,1.6408994996062234,-0.004238469131026434,0.012126952947728142,0.03666330462988386,2,2,2,33112,21232,32232,V,0.5,0.177932023090906,0.22018350399493966,0.19905776354292282,0
2019-02-11,140.53421769673292,0.7941218174680474,141.54437949681667,1.20855829169815,142.26566176937894,1.410470094444117,0.012126952947728142,0.005353981599910185,0.022607062910082583,3,3,3,31123,21323,32233,V,0.5641028350125544,0.7885256641209546,0.8268049059813514,0.807665285051153,1
2019-02-12,141.28865312698076,0.639745443115592,142.22619393645462,0.9251323357337915,142.96089823003234,1.1875046897222168,0.005353981599910185,0.010711966701159703,0.024968711131126718,3,3,3,11233,22313,22233,V,0.6017176335586176,0.5,0.8044364531706069,0.5508588167793088,1
2019-02-13,142.81026766673634,0.8551511992188484,143.1684793410603,0.9089778530794586,143.48928771795065,0.8467818526633959,0.010711966701159703,-0.0016160815649257643,0.02275911301844535,3,3,3,12333,12323,22233,V,0.7420588266940447,0.7817914478228472,0.8044364531706069,0.7931139504967271,1
2019-02-14,142.57966101564682,0.4518994492354909,143.56852345214818,0.8347363778661246,143.6694909040478,0.7574241164719158,-0.0016160815649257643,0.01071425804323134,0.02209671298891585,2,3,3,23332,13233,22233,V,0.33750089124853333,0.22465460143422095,0.8044364531706069,0.28107774634137717,1
2019-02-15,144.11550934079776,0.5146533709123493,144.01883663579,0.45708960829936013,144.1168484395213,0.7112102307143038,0.01071425804323134,-0.0007296070367353025,0.015476418850759134,3,3,3,33323,23133,22323,V,0.5,0.2140653660883958,0.8113346963598074,0.3570326830441979,1
2019-02-19,144.0104,0.35033315365274725,143.88409472126483,0.5554348691184051,144.50584710911338,1.0815322524154065,-0.0007296070367353025,-0.0005542762948920199,0.02365996370042664,2,3,3,33232,23233,22333,V,0.5641028350125545,0.3221419248687812,0.6815627359457568,0.6228327854791557,1
2019-02-20,143.93060056657225,0.5962734851941782,144.15277761893626,0.8731839593700729,144.84980768174665,1.2356681201507191,-0.0005542762948920199,-0.001524930991798179,0.034297237105237445,2,2,3,32322,32332,22333,V,0.47965441962721456,0.15385889139394482,0.6815627359457568,0.5806085777864857,1
2019-02-21,143.7112835972222,0.767429185086747,144.8627449929982,1.2415416808952997,145.33286783368152,1.2640194788514736,-0.001524930991798179,0.0076607575426823615,0.032279228960296474,2,2,3,23222,31332,22333,V,0.5473080749911268,0.6551812301801129,0.6815627359457568,0.6683719830629349,1
2019-02-22,144.8164486930143,0.9685948572735498,145.53571808164625,1.0430191022120034,146.07414728153384,1.1743700324052708,0.0076607575426823615,0.008553868399029163,0.02078497906580099,3,3,3,32223,32333,22333,V,0.20761416828386625,0.26401131768926966,0.6815627359457568,0.23581274298656796,0
2019-02-25,146.06050268875802,0.664276995436592,146.045535626057,0.8579122499008504,146.88426204311162,1.3847339108884602,0.008553868399029163,-0.0022639512526305694,0.009838512729472487,3,3,3,22233,23323,23233,V,0.8052475519321981,0.21406536608839566,0.8950637891268335,0.8501556705295158,1
2019-02-26,145.73020286316648,1.2255843341921742,146.4979283419656,1.1111984689161811,147.34219611028703,1.5290056200941082,-0.0022639512526305694,0.00421602018270395,0.005610615518641752,2,3,3,22332,13323,23333,V,0.5637119736624522,0.5,0.8725639912477124,0.531855986831226,1
2019-02-27,146.34590132624643,0.708677590188302,147.54353488787785,1.2557103368111262,147.7614466471502,1.2213572596999858,0.00421602018270395,0.007296917187064267,-0.004019643043219736,2,3,3,23322,23333,23333,V,0.39931722385561913,0.8434144076091599,0.8725639912477124,0.8579891994284361,1
2019-02-28,147.41768083648392,0.7606362791477913,148.2116254540074,1.16662185863957,147.9917705426478,0.9910655199104755,0.007296917187064267,0.009783517060807156,0.01072035457347463,3,3,3,33223,33233,23333,V,0.5022476620146394,0.7255491132467957,0.8725639912477124,0.7990565522472541,1
2019-03-01,148.8670225009032,0.657109608722413,148.34788369100684,1.0653854745538107,147.8178021755281,1.147211780996013,0.009783517060807156,-0.0034779279599739255,0.015878904235599865,3,3,3,32233,33233,23333,V,0.31484912344456256,0.7255491132467957,0.8725639912477124,0.7990565522472541,1
2019-03-04,148.35017302463504,1.5941178662104967,147.89138312528394,1.0057748321055722,147.1959262837628,1.3560680352236112,-0.0034779279599739255,-0.0035365249818832822,0.026355046525185957,2,2,2,22332,33332,32332,V,0.5637119736624522,0.368186434518062,0.7660306558251031,0.4659492040902571,1
2019-03-05,147.82645554748225,0.6833503884435995,147.29060511736736,0.8098495485800479,147.32550180792583,1.4909415863662314,-0.0035365249818832822,-0.002227620553091114,0.03486648391387831,2,1,2,23322,32331,33332,V,0.39931722385561913,0.8505678474118975,0.0,0.19965861192780957,0
2019-03-06,147.49752080373452,0.45590547478834514,146.6010009488989,1.1579098182437442,148.00638423743618,2.2339319679220253,-0.002227620553091114,-0.006459446294658555,0.046657891508084956,2,1,2,33222,32331,33332,V,0.6156883984003434,0.8505678474118975,0.0,0.7331281229061204,1
2019-03-07,146.54783900088538,0.7446165421774759,147.1011775628041,1.8704578841316668,148.958869824033,2.8079396441201983,-0.006459446294658555,-0.005406657981226637,0.05743769791348437,1,2,2,32221,33322,33332,V,0.7303879440595398,0.19880927691988598,0.0,0.09940463845994299,0
2019-03-08,145.75764304207667,1.4594621636338603,148.66218712752033,2.6598968528478553,150.24543088023074,2.9080471558131067,-0.005406657981226637,0.02198795969097933,0.061326579565862634,2,2,2,22212,23312,33332,V,0.9902605219968001,0.7259768247099726,0.0,0.8581186733533863,1
2019-03-11,148.99805064545035,1.5909855013882033,150.82962235906766,1.796771203189809,151.96979109723677,2.180324040502844,0.02198795969097933,0.014874371388112984,0.029949377912926504,3,3,3,22123,23313,23323,V,0.34354295263587864,0.7461363407638821,0.8775396113482835,0.8118379760560828,1
2019-03-12,151.23086769503394,1.0412441129140433,152.15715357120894,1.208050294034084,153.16322286960514,1.7356219380364393,0.014874371388112984,0.006781654863935671,0.020410992234885884,3,3,3,21233,33223,33323,V,0.7152947573354624,0.9055712202317384,0.8536755612334082,0.8796233907325732,1
2019-03-13,152.25994873671868,0.8981530278611383,153.2066790485665,1.4649999977417858,153.8563414776842,1.476768355218225,0.006781654863935671,0.004722156232537245,0.009400466319526079,3,3,3,12333,33123,33323,V,0.7420588266940447,0.9048592433409057,0.8536755612334082,0.8792674022871569,1
2019-03-14,152.9806442818742,1.1823421481180931,154.10843263875768,1.4347005205369465,154.09644164484448,1.274145703422445,0.004722156232537245,0.009102089407754477,-0.004490148090008642,2,3,3,23332,33133,33323,V,0.33750089124853333,0.6551812301801129,0.8536755612334082,0.7544283957067606,1
2019-03-15,154.37944412710667,1.6024530947817033,154.68037145660932,1.104233545449313,154.36384074071614,1.2425499471141395,0.009102089407754477,0.0037871420980604142,-0.0014852488973335816,2,3,3,33322,32233,33323,V,0.47625801401615464,0.08711033871796578,0.8536755612334082,0.6649667876247813,1
2019-03-18,154.96520950729217,0.8994392998906852,154.3740399384139,1.0754713629190276,154.226204566621,1.2334184852336212,0.0037871420980604142,-0.001735757861975884,-0.004503713950553308,2,3,3,33222,31233,33233,V,0.6156883984003434,0.7468407303619968,0.9033781993433925,0.6812645643811701,1
2019-03-19,154.69646073542918,0.92993058446241,154.15818335639395,1.2522360063599924,153.69191037199127,1.3939198362060519,-0.001735757861975884,-0.008022002752018587,-0.00377300657335991,2,2,2,32222,31332,33232,V,0.682313238473382,0.6551812301801129,0.7655929967278355,0.6687472343267474,1
2019-03-20,153.4604495725203,0.9218465877522826,153.8231175301279,1.3095797251535133,153.58264867049465,1.332547776557503,-0.008022002752018587,0.005570197715570657,0.012127913990029134,1,2,2,22221,22332,33232,V,1.0,0.3909561729940436,0.7655929967278355,0.8827964983639178,1
2019-03-21,154.31763976123233,1.722142448824204,153.434213850669,1.5587246976317406,153.7440168622673,1.3845185895134704,0.005570197715570657,-0.0040672679390674205,0.016084602753064402,2,2,2,22212,12332,33232,V,0.9902605219968001,0.746675473692113,0.7655929967278355,0.7561342352099742,1
2019-03-22,153.69126325663098,1.3957553570022858,153.37838467290683,1.3338255733932314,153.70304690446065,1.2146317880884274,-0.0040672679390674205,-0.0091346597511901,0.02228504521185268,2,2,2,22122,13322,33232,V,0.5454889236758454,0.310316613027609,0.7655929967278355,0.6555409602018405,1
2019-03-25,152.29373853414364,1.063849595336932,153.57039376449112,1.3480684978568762,154.02911519429588,1.2913697301405267,-0.0091346597511901,0.012115995517790523,0.03760735574415317,1,2,2,21221,23322,32332,V,0.5641028350125546,0.4587307392731111,0.7660306558251031,0.5114167871428329,1
2019-03-26,154.1501522279459,0.9747424744217917,154.17674424384288,0.8609574225405916,154.9303230263836,1.2875789674089335,0.012115995517790523,0.0007596088471668594,0.020945505180916996,3,2,2,12213,23322,32322,V,0.5641028350125545,0.4587307392731111,0.6895742004508637,0.5114167871428328,1
2019-03-27,154.26729053138376,1.1457086072132912,154.56722840312992,0.9467583395698784,155.52354858218874,1.438994556250446,0.0007596088471668594,-0.0010020139553734708,0.020358384478213035,2,3,3,22132,33223,32323,V,0.7194816091666214,0.9055712202317384,0.9211535399052153,0.9133623800684769,1
2019-03-28,154.1127899721989,0.6616715066198807,155.41139079086273,1.2699602875614886,156.2743111432728,1.5142252214600282,-0.0010020139553734708,0.00781309966626953,0.018081710041945073,2,3,3,21322,33223,32323,V,0.46845417980968473,0.9055712202317384,0.9211535399052153,0.9133623800684769,1
2019-03-29,155.32160470580703,0.6181289566718552,156.41255413578702,0.9692716133107575,156.92753415684814,1.0966983227341605,0.00781309966626953,0.009471853730149249,0.00862321149301214,3,3,3,13223,33223,32323,V,0.18969376783204311,0.9055712202317384,0.9211535399052153,0.9133623800684769,1
2019-04-01,156.79977769458225,0.5141132805371244,157.31238701278608,0.7295386580332759,157.34479788457352,0.7209952413789461,0.009471853730149249,0.0020164780480058653,0.006008655608730335,3,3,3,32233,32233,23323,V,0.31484912344456256,0.08711033871796578,0.8775396113482835,0.20097973108126416,0
2019-04-02,157.11628000697175,0.5926784026857139,157.50542946128382,0.7701315789357416,157.36472489650333,0.7320456085322643,0.0020164780480058653,0.005742421331547121,0.0053610001090697605,2,3,3,22332,32233,23223,V,0.5637119736624522,0.08711033871796578,0.8108767292712207,0.6872943514668364,0
2019-04-03,158.02110333680423,0.5143709204572209,157.60264390710452,0.7283370594267637,157.2736640456328,0.8049927181744301,0.005742421331547121,-0.004072283875478533,0.0029655006093130985,3,3,3,23323,32233,23233,V,0.4815055937395695,0.08711033871796578,0.8950637891268335,0.28430796622876764,0
2019-04-04,157.3789050400755,0.9904767619278771,157.22874704624692,0.7472543377872608,157.21783008992688,0.7631209133517453,-0.004072283875478533,0.00018436797110865655,0.013535792965794066,2,2,3,33232,22332,23233,V,0.5641028350125545,0.3909561729940436,0.8950637891268335,0.4775295040032991,0
2019-04-05,157.40792334443387,0.5904870093072782,156.9894372837615,0.6958973540564901,157.33376516215694,0.8099876780188413,0.00018436797110865655,-0.003235756697217873,0.016486190880209455,2,2,2,32322,22332,23232,V,0.47965441962721456,0.3909561729940436,0.6930495889971671,0.4353052963106291,0
2019-04-08,156.89941275423138,0.7072650486584242,157.10077402170836,0.7782738388185396,157.55012349627694,0.9730685089736807,-0.003235756697217873,-0.0015208365361782938,0.021014037000764763,2,2,2,23222,22332,33232,V,0.5473080749911268,0.3909561729940436,0.7655929967278355,0.4691321239925852,0
2019-04-09,156.66097575261924,0.7338983181680363,157.4538299040398,0.9029845540138307,158.0720716086069,1.1652902851401459,-0.0015208365361782938,0.006876285383568437,0.020178674192171887,2,2,2,32222,23322,32232,V,0.682313238473382,0.4587307392731111,0.22018350399493966,0.5705219888732466,0
2019-04-10,157.74193355827447,0.5674805028186922,158.06340965817802,0.7894939369407188,158.7404725410326,1.1195706185042846,0.006876285383568437,0.0013724835239727895,0.00996964637206675,3,3,3,22223,23323,32333,V,0.6659725401405538,0.21406536608839566,0.8584437957265056,0.7622081679335297,1
2019-04-11,157.95858040122576,0.9168227061478108,158.65248291071364,0.9897174524773058,159.23138639322707,1.0977451460950909,0.0013724835239727895,0.003356852416380285,0.01688351691193476,2,3,3,22232,23323,32333,V,0.2638850039361797,0.21406536608839566,0.8584437957265056,0.23897518501228768,0
2019-04-12,158.48971501503385,0.8532729538937686,159.3339495818876,0.9374633757694509,159.60410762117374,0.8958190524637006,0.003356852416380285,0.006411606421814042,0.015837082718634016,2,3,3,22322,33223,32323,V,0.23120232519116868,0.9055712202317384,0.9211535399052153,0.9133623800684769,1
2019-04-15,159.50915331588132,0.6059477737518562,159.90287884995865,0.6104138942535892,159.76907758894632,0.7099970728981247,0.006411606421814042,0.003091134513827143,0.002734788182738854,3,3,3,23223,33233,32323,V,0.28400355194930754,0.7255491132467957,0.9211535399052153,0.8233513265760055,1
2019-04-16,160.00298041474758,0.7342453369598173,160.0072232583179,0.6747407582663904,159.99234227873305,0.8139036161863095,0.003091134513827143,0.0012087616513802857,0.008877761039768442,2,3,3,32232,33233,22323,V,0.43054633770056017,0.7255491132467957,0.8113346963598074,0.7684419048033015,1
2019-04-17,160.19650281924706,0.3534444642828325,159.7777514047009,0.760918512500538,160.1916921441395,0.8971044097977846,0.0012087616513802857,-0.0023393411787333562,0.01907979582370029,2,2,3,22322,32232,23333,V,0.23120232519116868,1.0,0.8725639912477124,0.9362819956238562,1
2019-04-18,159.82218654095908,0.9549127402149659,159.92074271989023,0.9707320795509491,160.14146699297171,1.0345743941232324,-0.0023393411787333562,-0.0031812200440404226,0.027813655917204066,2,2,2,23222,32332,23332,V,0.5473080749911268,0.15385889139394482,0.2637435348842564,0.2088012131391006,0
2019-04-22,159.3145648538965,0.7508099581110553,160.31325712016377,1.0205711178714263,160.461719412884,1.1850715562279979,-0.0031812200440404226,0.008194780749583686,0.027631035470809206,2,2,2,32222,32332,23232,V,0.682313238473382,0.15385889139394482,0.6930495889971671,0.6876814137352745,0
2019-04-23,160.62547676481506,0.9025051560854276,160.52352785666767,1.0006971614042321,161.24941031904652,1.4493637242172936,0.008194780749583686,0.002327262529869145,0.0035869170328762245,3,2,3,22223,22322,23233,V,0.6659725401405538,0.5567185199949517,0.8950637891268335,0.6113455300677528,0
2019-04-24,160.99972974177967,0.5938793326769005,160.78951848190283,1.2018265212315002,161.97780013515242,1.8277173986782491,0.002327262529869145,-0.006570322768416403,0.003614445113549303,2,2,3,22232,23322,23233,V,0.2638850039361797,0.4587307392731111,0.8950637891268335,0.3613078716046454,0
2019-04-25,159.94537706340827,1.320105756070339,161.54061502954593,1.7473795486330979,162.5211724360747,1.9599014611818557,-0.006570322768416403,0.009198664470114082,-0.0005457593386185179,2,2,3,22322,23322,33333,V,0.23120232519116868,0.4587307392731111,0.7723826405125359,0.3449665322321399,0
2019-04-26,161.42344864052046,1.286807086643667,162.98129795685804,1.5000241151517433,162.77242242806034,1.6368623425644555,0.009198664470114082,0.01127023538852967,-0.009264630549500585,3,3,3,23223,23223,33323,V,0.28400355194930754,0.898715223386926,0.8536755612334082,0.8761953923101671,1
2019-04-29,163.25301938470912,0.6898477785786628,163.74567882548158,1.1051753399303441,162.8040635856018,1.5493326578933648,0.01127023538852967,0.0061944817131704966,-0.02016967332053771,3,3,3,32233,33223,32323,V,0.31484912344456256,0.9055712202317384,0.9211535399052153,0.9133623800684769,1
2019-04-30,164.26742584534452,0.7607234735494728,163.06188137169076,1.7914825834958104,162.12507678470138,2.139563036282026,0.0061944817131704966,-0.003358914386914158,-0.0354153372236548,3,2,2,22333,33222,32332,V,0.2968034108464467,0.5072153347886542,0.7660306558251031,0.40200937281755045,1
2019-05-01,163.71659124639106,1.6541513343839507,162.1666242326518,1.6010372414494456,161.2571756210004,2.003910390228993,-0.003358914386914158,-0.015480907558581336,-0.028289252914373283,2,2,2,23332,32232,32332,V,0.33750089124853333,1.0,0.7660306558251031,0.8830153279125516,1
2019-05-02,161.20162702333664,1.153060108532468,160.88045561059042,1.6501467068480298,160.5059092347479,1.4921093274120663,-0.015480907558581336,0.002354691846323753,-0.0263941493160865,1,1,1,33321,32231,33331,V,0.6146407313296368,0.5,0.5,0.5,1
2019-05-03,161.5816544282276,0.657267541105736,160.45588661175813,1.710613262175165,159.9555517429145,1.6531234213611035,0.002354691846323753,-0.010724159792095733,-0.01617369077325694,2,1,1,33212,32221,33231,V,0.6516619924201091,0.7356821295110528,0.23753301614981134,0.693672060965581,1
2019-05-06,159.85808538020706,2.4568200318781765,159.9154215740583,1.54530544114858,159.45625509533755,1.5972263310811732,-0.010724159792095733,0.0004367586233415821,0.0047308252238147715,2,1,1,32122,22321,23231,V,0.6557752046796791,0.5968434500728006,0.5,0.6263093273762399,1
2019-05-07,159.92792002683976,1.3128095032926779,159.44600630204593,1.306944764570693,158.87400746123348,1.6361149479963317,0.0004367586233415821,0.00020219120609610286,0.025207926782079393,2,1,1,21222,22311,23321,V,0.507961094948196,0.6551812301801129,0.4043324465681704,0.4561467707581832,1
2019-05-08,159.96025931512813,0.9945755030951674,159.16509002321365,1.434640911228406,158.68207999884035,1.6133928407671285,0.00020219120609610286,-0.009487331498568174,0.023434255473688027,2,2,1,12222,22212,23321,V,0.8115147269936,0.8591037411077866,0.4043324465681704,0.8353092340506933,1
2019-05-09,158.44983956416993,1.2510025908727886,158.1606193213998,1.5797828351163907,158.81289734436567,1.901727998384131,-0.009487331498568174,0.00400165306164002,0.030212443555760488,1,1,2,22221,23211,33312,V,1.0,0.6551812301801129,0.7516759699831773,0.7034286000816451,1
2019-05-10,159.08517119034283,1.859795551257969,158.33343370496792,1.7473555650507542,159.91480369658893,2.8089871514366753,0.00400165306164002,-0.013532531443381401,0.030176294290115764,2,2,2,22212,23112,32312,V,0.9902605219968001,0.5,0.5,0.5,1
2019-05-13,156.9468472096866,0.9547359071835984,158.8431586557718,2.191066828840658,160.8395312380316,3.0765346294662232,-0.013532531443381401,0.012797507319002754,0.04489779387952022,1,2,2,22121,22122,32312,V,0.5,0.8176033914221199,0.5,0.5,1
2019-05-14,158.9682827148742,1.7235261586106227,161.18066669430507,2.6898724931735853,162.09756107577863,2.414285845928213,0.012797507319002754,0.010301422770353952,0.02086933344835048,3,3,3,21213,32113,33213,V,0.5,0.2140653660883958,0.7471919078636878,0.6235959539318439,1
2019-05-15,160.61434604275448,2.1731153946317368,162.76084208853243,2.116484809844358,163.08105895947898,1.7441081906574782,0.010301422770353952,0.02061253600000512,0.011090966698712727,2,3,3,12132,31123,33213,V,0.08727529575886304,0.21406536608839574,0.7471919078636878,0.1506703309236294,0
2019-05-16,163.95937132528658,1.2602102992803537,163.63505887375484,1.0149695309130842,163.75687263207766,0.9302609157875887,0.02061253600000512,-0.0015293671567251366,-0.0008737826563114486,3,3,3,21323,21223,33123,V,0.5641028350125546,0.7532849402484835,0.23753301614981137,0.6586938876305191,0
2019-05-17,163.70880889755622,0.9260437706187868,163.61052580978466,0.8568563067464536,163.42216732993285,1.1646053149850504,-0.0015293671567251366,-0.002886183697791367,-0.007274143211442444,2,3,3,13232,21133,23123,V,0.4876745690890017,0.5,0.7493803675529167,0.4938372845445008,0
2019-05-20,163.23699639842172,0.9863143479588634,163.70539431251515,0.8995047771324588,163.15954843163163,1.1953936058696315,-0.002886183697791367,0.003966563308930304,-0.004419843580948214,2,3,3,32322,11233,23123,V,0.47965441962721456,0.5,0.7493803675529167,0.4898272098136073,0
2019-05-21,163.88577213337607,0.7495184141981328,163.38834378456212,1.3416120237352367,163.27537044600382,1.2495726148407653,0.003966563308930304,0.0006565971898062628,-0.017598591444743093,2,2,2,23222,12232,32132,V,0.5473080749911268,0.1285675774731752,0.30509793843173966,0.21683275795245743,0
2019-05-22,163.99341440574767,0.9927843661684331,162.8916578754535,1.3332049435400781,163.00180953466074,1.251537387009505,0.0006565971898062628,-0.010467016414861696,-0.02616224250554858,2,2,2,32222,11332,32132,V,0.682313238473382,0.5,0.30509793843173966,0.591156619236691,0
2019-05-23,162.28584481456255,1.6166588488861942,162.8325552302985,1.3183761894929196,162.70622953505466,1.1070789490420307,-0.010467016414861696,0.0006767837135255306,-0.009906586429304838,1,2,2,22221,12332,31232,V,1.0,0.746675473692113,0.6645709446389227,0.7056232091655179,0
2019-05-24,162.3957144060502,0.69445959219201,162.90992948433126,1.0820059136731592,162.44938324934103,1.1788983022780513,0.0006767837135255306,0.008708458430216837,0.009930282692467178,2,2,2,22212,22322,31232,V,0.9902605219968001,0.5567185199949517,0.6645709446389227,0.6106447323169373,0
2019-05-28,163.81610647028282,1.1551785960501018,162.94986281822017,1.0528927407157924,161.9108361538813,1.949554166262205,0.008708458430216837,-0.007955931324347354,0.013608603525513616,3,2,2,22123,13322,31232,V,0.34354295263587864,0.310316613027609,0.6645709446389227,0.3269297828317438,0
2019-05-29,162.51796757666074,0.9075860974627317,162.01169845679075,1.0078790165546831,161.28324407315563,1.7991787225985645,-0.007955931324347354,-1.5094869174170356e-05,0.040629472774065034,1,2,1,21231,23322,21321,V,0.08727529575886293,0.4587307392731111,0.2375330161498114,0.16240415595433716,0
2019-05-30,162.5155144077169,0.6370985256675747,161.07336890748766,1.9383485548186528,161.58132050945295,2.1332488963338005,-1.5094869174170356e-05,-0.009359084525492278,0.05251927909889,2,2,2,12312,23222,21322,V,0.5641028350125546,0.42668154128101354,0.8187308830396078,0.4953921881467841,0
2019-05-31,161.00161338599452,0.6741802250213641,160.46091279380013,1.8470650490037377,162.28730061077565,2.857208653581063,-0.009359084525492278,-0.00809867763868155,0.058803156376106905,1,1,2,23121,33221,12322,V,0.5,0.46847693574935767,0.6645709446389226,0.48423846787467884,0
2019-06-03,159.70297892875158,2.7626256247710224,161.46315825118447,2.6778614858826146,163.9111753166993,3.913436859221093,-0.00809867763868155,0.006087563051212719,0.06808530960405178,2,2,2,31212,33222,12322,V,0.5,0.5072153347886542,0.6645709446389226,0.503607667394327,0
2019-06-04,160.67814606665434,1.7899943776747747,163.57730357971067,2.6552382850372522,166.1807219443081,3.9721900969174695,0.006087563051212719,0.020514068309797295,0.060235629825382817,2,2,3,12122,32222,12323,V,0.5,0.5689137724466367,0.7234740551070111,0.5344568862233183,0
2019-06-05,164.00834975814743,1.3664945581879273,166.3915838626969,2.558435846397046,168.1388960179246,3.0349476381153124,0.020514068309797295,0.012343995072977343,0.03338033102752352,3,3,3,21223,32213,13213,V,0.630116140674204,0.7813398910619823,0.5,0.565058070337102,0
2019-06-06,166.04541491433022,1.096825341683353,168.7390379655796,2.4502966093449983,169.45250720505607,2.213441560126859,0.012343995072977343,0.01835302293805885,0.02044684575560994,3,3,3,12233,32223,13223,V,0.5641028350125545,0.6621968729375792,0.49792998869434596,0.5310164118534503,0
2019-06-07,169.12098691561306,1.8067852764508423,170.21357180571505,1.6059146048391648,170.31476330102086,1.476929061280054,0.01835302293805885,0.011345716632389369,0.0010177167218208812,3,3,3,22333,22223,23223,V,0.2968034108464467,0.8185206417052745,0.8108767292712207,0.8146986854882476,1
2019-06-10,171.05071206679546,0.7437926332486466,170.69871139844574,1.1352059343395822,170.3871664707687,1.2614880950486798,0.011345716632389369,-0.003406515911263064,-0.006859337203956566,3,3,3,23333,22133,23223,V,0.6296683795885416,0.5740033249077886,0.8108767292712207,0.601835852248165,1
2019-06-11,170.46901643473666,1.7393760643577298,170.46737250756527,1.4092423052419258,170.0651280377116,1.2420119643399337,-0.003406515911263064,0.0006297651611761879,0.013297262516117007,2,3,3,33332,22233,23233,V,0.6078235402885376,0.5819786355274668,0.8950637891268335,0.5949010879080021,1
2019-06-12,170.576405693805,0.9439555417342935,170.13870128410377,1.2420999174853868,169.8299455851658,1.2003306791931603,0.0006297651611761879,-0.0012888764943328468,0.0166632913932966,2,2,3,33322,22232,32133,V,0.47625801401615464,0.16957690175042128,0.397058473800521,0.43665824390833785,1
2019-06-13,170.35669539415412,1.8257051334667296,169.76007268667203,1.1577803715319444,169.69014795715532,1.1455939325193132,-0.0012888764943328468,-0.005141803970734493,0.019768078301170198,2,2,2,33222,21332,32232,V,0.6156883984003434,0.2564157790981698,0.22018350399493966,0.23829964154655475,0
2019-06-14,169.48300276435225,0.7352985410486276,169.40554227929,0.9146403634377843,170.16596641775124,1.6052184195468227,-0.005141803970734493,-0.00025069291579882247,0.018720790263768543,1,1,2,32221,22331,32232,V,0.7303879440595398,0.26576311780537665,0.22018350399493966,0.24297331090015817,0
2019-06-17,169.4405199015098,0.5727297854649296,169.5370138757567,1.003790775938768,170.95311987422116,2.0151946022542426,-0.00025069291579882247,-0.0008703933021809718,0.01019218578726152,2,2,2,22212,22322,32232,V,0.9902605219968001,0.5567185199949517,0.22018350399493966,0.3884510119949457,0
2019-06-18,169.29310417200793,1.4738524721241246,170.635436474298,1.900623669235079,171.80987987148606,2.122618549918284,-0.0008703933021809718,0.003445546840816327,0.01167963468685799,2,2,2,22122,13322,32332,V,0.5454889236758454,0.310316613027609,0.7660306558251031,0.6557597897504743,0
2019-06-19,169.87741755375242,0.973663667401783,172.01065843252934,1.8106577910712183,172.48243073956,1.8251493041610027,0.003445546840816327,0.01668608459631482,0.013357554700855822,2,3,3,21222,23313,21333,V,0.507961094948196,0.7461363407638821,0.2517778012672612,0.6270487178560391,0
2019-06-20,172.73578769713362,1.0365956621611934,173.29295921055666,0.9329971492092481,172.74044506085676,1.456712299574064,0.01668608459631482,0.003946117250595904,0.00810757050605694,3,3,3,12223,23223,22323,V,0.7265085941569421,0.898715223386926,0.8113346963598074,0.7689216452583747,1
2019-06-21,173.41877004670204,0.7655964618066232,173.26631614897124,1.4285951570188684,172.44736467817822,1.567292675720066,0.003946117250595904,0.0017603687291920522,0.004806563059998306,2,3,3,22232,33223,22323,V,0.2638850039361797,0.9055712202317384,0.8113346963598074,0.858452958295773,1
2019-06-24,173.72431988783435,0.9208606435067618,172.51588918681594,1.7291750063073974,172.19292355907118,1.5654233634371744,0.0017603687291920522,-0.006169318170781146,0.013910340254150607,2,2,2,22322,33132,22322,V,0.23120232519116868,0.7734225383819462,0.29380460218560817,0.2625034636883884,1
2019-06-25,172.6558585123774,2.289445783057355,171.69791115211822,1.517540308050379,172.2753106364658,1.6970951142297055,-0.006169318170781146,-0.008657810234609542,0.01798835782580095,2,1,2,23222,32231,23322,V,0.5473080749911268,0.5,1.0,0.5236540374955634,1
2019-06-26,171.16748916023616,0.6903028466053781,171.52814646504805,1.0766420824331595,172.5946025941341,1.6990879020642324,-0.008657810234609542,0.0006009652210270389,0.02748012798228989,1,1,2,32221,32231,13332,V,0.7303879440595398,0.5,0.6135275259760519,0.556763762988026,1
2019-06-27,171.27038578374118,0.9400035657627447,172.5177351699051,1.6888589041164483,173.58928161966588,2.01284725569704,0.0006009652210270389,0.005102721737935134,0.029559462239704813,2,2,2,22212,31322,23232,V,0.9902605219968001,0.6838287159394275,0.6930495889971671,0.6884391524682973,1
2019-06-28,172.1465644511668,1.4553974801525367,173.51171267556435,1.5230596488873198,174.48753523812144,1.7664427513888212,0.005102721737935134,0.011491836193870064,0.03937237572528511,2,3,3,22122,22313,23233,V,0.5454889236758454,0.5,0.8950637891268335,0.5227444618379227,1
2019-07-01,174.1362552748074,1.305922496062163,174.84315262114046,1.3236660204029402,175.23246108164136,1.2218217249625565,0.011491836193870064,0.0006662849416327887,0.03399668522253544,3,3,3,21223,22313,23223,V,0.630116140674204,0.5,0.8108767292712207,0.565058070337102,1
2019-07-02,174.25231830071885,0.9724971572310873,175.38495215487762,1.1960837949558678,175.671819283699,1.156391518977009,0.0006662849416327887,0.010779799730388007,0.03429024559644153,2,3,3,12232,13223,33223,V,0.6629713433901572,0.8063159041869987,0.9305611834701492,0.868438543828574,1
2019-07-03,176.14088428789503,0.6292508996889277,175.92457727756025,0.7393411841894751,176.60623235686623,1.473669626543387,0.010779799730388007,-0.002155315847739203,0.023469657050674362,3,3,3,22323,23133,33323,V,0.21848854609229515,0.2140653660883958,0.8536755612334082,0.21627695609034547,0
2019-07-05,175.7616538760189,1.1145807204607125,175.988631276627,1.010760522379212,177.38931764553044,1.9986564822489716,-0.002155315847739203,0.000623035060893784,0.021630473841224504,2,3,3,23232,23133,32323,V,0.33295927120737234,0.2140653660883958,0.9211535399052153,0.27351231864788406,0
2019-07-08,175.87119366876667,0.5142659340487473,177.04287454013908,1.6607850626410026,178.28248148852666,2.074885113063723,0.000623035060893784,0.00262264236862908,0.01906353866799513,2,2,3,32322,32232,32333,V,0.47965441962721456,1.0,0.8584437957265056,0.9292218978632528,1
2019-07-09,176.33304628509535,1.412090430157352,178.43791356095554,1.8675956419190942,179.16321284172017,1.7584653119953029,0.00262264236862908,0.014588763655778436,0.017003097776464634,2,3,3,23222,31333,32233,V,0.5473080749911268,0.661499648015182,0.8268049059813514,0.6044038615031544,1
2019-07-10,178.92438366655514,0.7953606164229052,179.73605582959036,1.0094752590905562,179.809295931196,0.9144674980349916,0.014588763655778436,0.006306360390602173,0.00743654741000884,3,3,3,32223,31333,32233,V,0.20761416828386625,0.661499648015182,0.8268049059813514,0.7441522769982667,1
2019-07-11,180.05631073121612,0.6688147143081117,180.18621141898348,0.7413850438350692,179.8692033918565,0.8279378589932801,0.006306360390602173,0.0009501530756939047,-0.001295751570535556,3,3,3,22233,22323,33233,V,0.8052475519321981,0.5073066645632028,0.9033781993433925,0.8543128756377953,1
2019-07-12,180.2274730909998,1.1486579242590662,180.0219284194029,0.8908696153419314,179.72419210807385,0.9220733558628048,0.0009501530756939047,0.00026284071372462137,0.00023503700917942762,2,3,3,22332,13333,23233,V,0.5637119736624522,0.46872727104548023,0.8950637891268335,0.5162196223539662,1
2019-07-15,180.27485043473445,0.4619707100519664,179.68741104568883,0.7789217256188264,179.72969015557348,1.008289063868551,0.00026284071372462137,-0.003953940450504234,0.006453466438852919,2,2,3,23322,13332,23333,V,0.39931722385561913,0.6931607804334146,0.8725639912477124,0.7828623858405634,1
2019-07-16,179.56346173247448,0.9774115563858193,179.37287900487823,0.8446922078925041,179.63932056538684,1.0125497858585224,-0.003953940450504234,-0.001892713514186184,0.015932290303850422,2,2,2,33222,23232,22332,V,0.6156883984003434,0.0,0.06147053556058389,0.030735267780291946,0
2019-07-17,179.22392096985766,0.5374547003464102,179.60337953688614,1.1409429945250054,179.78059486234136,1.044995939354302,-0.001892713514186184,0.0005986991852324763,0.019778757646635187,2,2,2,32222,33332,22332,V,0.682313238473382,0.368186434518062,0.06147053556058389,0.21482848503932295,0
2019-07-18,179.3312543123027,1.136516596333655,179.80307337486738,1.156494949649703,180.22346029472666,1.4171009602427445,0.0005986991852324763,0.0051376332165951055,0.02163239110599141,2,2,2,22222,33322,32332,V,0.8677265262035473,0.19880927691988598,0.7660306558251031,0.8168785910143253,1
2019-07-19,180.2549633284981,1.5283180276112271,180.11593300984882,1.0706896706015248,180.84207321881826,1.6063069995657093,0.0051376332165951055,-0.002399264009040003,0.009208920580813063,2,2,2,22222,32322,32332,V,0.8677265262035473,0.3745167967986425,0.7660306558251031,0.8168785910143253,1
2019-07-22,179.8230024838013,0.8408623832965074,180.51036127761085,1.4490500864832583,181.34483004655866,1.6629325241658188,-0.002399264009040003,0.0024817542504873558,-0.0033734726202724846,2,2,2,22222,33322,33332,V,0.8677265262035473,0.19880927691988598,0.0,0.09940463845994299,0
2019-07-23,180.26983321724708,0.9943895059853647,181.37746676059734,1.6766643578211218,182.02235317842133,1.5736089043299457,0.0024817542504873558,0.00646056330399869,-0.004417510217104345,2,2,3,22222,33222,23323,V,0.8677265262035473,0.5072153347886542,0.8775396113482835,0.8726330687759154,1
2019-07-24,181.43824813178423,2.0367022429365393,182.21043817724834,1.4947279600675953,182.3513699289894,1.3080462325517597,0.00646056330399869,0.005420031100710432,-0.02534404938378583,2,3,3,22222,23223,23323,V,0.8677265262035473,0.898715223386926,0.8775396113482835,0.8726330687759154,1
2019-07-25,182.4243189327606,1.4383501962864045,182.80122818102507,0.9866370903453888,181.90699520431798,2.0241412095414013,0.005420031100710432,0.001886282453058108,-0.06760199431680577,2,3,2,22222,33223,23322,V,0.8677265262035473,0.9055712202317384,1.0,0.8866488732176429,1
2019-07-26,182.76874746720017,0.8387251539312279,182.63142752680073,0.9322530407036138,181.31682929520068,2.264474298991832,0.001886282453058108,0.0024147311687201523,-0.061152548758084825,2,3,2,22222,32223,23322,V,0.8677265262035473,0.6621968729375792,1.0,0.9338632631017736,1
2019-07-29,183.21061814311443,0.6186500999448973,181.44730320720964,2.3922622913600193,180.1310534439656,2.7815542030967957,0.0024147311687201523,-0.007097321262610201,-0.05587938178207059,2,2,2,22222,32232,33322,V,0.8677265262035473,1.0,0.9798136907406451,0.9899068453703226,1
2019-07-30,181.9149169700876,0.9713677479310687,180.2015936218963,2.2657018193509337,177.5073440475469,4.585717454534561,-0.007097321262610201,-0.014945216622924917,-0.020350484100544613,1,1,2,22221,32231,33232,V,1.0,0.5,0.7655929967278355,0.8827964983639178,1
2019-07-31,179.216374508427,2.92992136525692,178.50991070220866,2.35148280941645,175.442755198781,4.461844100931517,-0.014945216622924917,0.0014336336131286487,-0.0017221725080693836,2,1,1,22212,22231,33231,V,0.9902605219968001,0.6551812301801129,0.23753301614981134,0.8227208760884566,1
2019-08-01,179.4734893871742,1.8383317670187267,175.46847625307328,4.589410578353037,174.19406471016882,4.043540991052438,0.0014336336131286487,-0.014782881870908149,-0.01516129898338039,2,1,1,22122,22321,33221,V,0.5454889236758454,0.5968434500728006,0.5,0.5227444618379227,1
2019-08-02,176.8398682110247,1.6397163474443865,172.8413040327679,3.557356436334097,173.9419389016612,3.7077298859904455,-0.014782881870908149,-0.03890473820819906,-0.003177592670747976,1,1,1,21221,22311,33221,V,0.5641028350125546,0.6551812301801129,0.5,0.5320514175062774,1
2019-08-05,170.09207116102095,2.954029597265581,171.55232198421507,2.5084183919567145,174.35551185850676,4.088540450389004,-0.03890473820819906,0.008779521469763907,0.027606956179881754,1,1,1,12211,22311,33221,V,0.5641028350125545,0.6551812301801129,0.5,0.5320514175062773,1
2019-08-06,171.59197272625812,1.2284473866063972,174.25925171208675,3.4754584120292256,175.68758525729953,3.3364756773822775,0.008779521469763907,0.00801565541871252,0.021432105565968133,3,2,2,22113,23212,32322,V,0.5641028350125545,0.43766916130199846,0.6895742004508637,0.6268385177317091,1
2019-08-07,172.9729220653662,2.70182855589997,176.69783846841827,3.272568464587602,176.62477934042815,2.749745170047389,0.00801565541871252,0.02984361807831082,0.02400449668685566,2,3,2,21132,23113,32312,V,0.5641028350125546,0.6551812301801131,0.5,0.5320514175062774,1
2019-08-08,178.21286034463594,1.7165733171264548,177.95767716495777,1.55706271133319,176.98775403057667,2.193822535009331,0.02984361807831082,0.003891534347260972,0.008204456471528029,3,3,3,11323,23113,32213,V,0.5641028350125545,0.6551812301801131,0.7518716965941807,0.6096420325963339,1
2019-08-09,178.90773299525273,0.9749417340530226,177.31270476404623,1.995682134765015,176.39909196164945,2.1716827985139227,0.003891534347260972,-0.01212011576743155,0.003017013271089764,2,3,3,13232,32123,32213,V,0.4876745690890017,0.8438801626957354,0.7518716965941807,0.797875929644958,1
2019-08-12,176.7524381549847,1.3286808891458999,175.93939227099818,2.0408401924882655,176.0425553625989,2.0361587580034564,-0.01212011576743155,-0.0026881272771275277,0.023408796439839088,1,2,2,32321,31132,32212,V,0.5641028350125544,0.5,0.6645709446389226,0.5320514175062772,1
2019-08-13,176.27794314190132,2.5785994104246646,175.44509621933662,2.019594390250007,176.62706773160198,2.522934968200694,-0.0026881272771275277,-0.008489330692875718,0.02534098582318247,2,1,2,23212,31131,23222,V,0.6086877605778912,0.5,0.6645709446389226,0.6366293526084069,1
2019-08-14,174.7877955161086,2.0136426842949025,175.7274651720362,2.134147858762577,177.26097910322173,2.5817649484093956,-0.008489330692875718,0.0027524335324224936,0.014830580569067867,2,2,2,32122,21232,23122,V,0.6557752046796791,0.177932023090906,0.5,0.5778876023398396,1
2019-08-15,175.26955,1.6460662633482699,177.35653333333335,2.494035413225765,178.48142,2.4495813493222363,0.0027524335324224936,0.010530905682872849,0.008475231436378914,2,2,2,21222,11322,22132,V,0.507961094948196,0.6551812301801129,0.49916460624259307,0.5035628505953945,1
2019-08-16,177.12505000000002,2.4237677302084815,178.74918333333335,1.8936518840269383,179.57650999999998,1.9204950627925381,0.010530905682872849,0.014293683057180928,0.006111219164087712,2,3,3,12222,11313,22133,V,0.8115147269936,0.5,0.7589350617554737,0.7852248943745368,1
2019-08-19,179.675,1.0850960018972131,180.0041666666667,1.0360542135107234,179.6275,2.0077111214934322,0.014293683057180928,-0.0012669773151641195,-0.011159037150410596,3,3,3,22223,12323,22123,V,0.6659725401405538,0.7817914478228472,0.6645709446389226,0.6652717423897383,1
2019-08-20,179.4475,0.8866557016865806,180.36083333333332,1.2599455856456134,179.0435,2.3267014713628624,-0.0012669773151641195,0.008006425674200734,0.006241379790746465,2,3,3,22232,13223,32223,V,0.2638850039361797,0.8063159041869987,0.8126638446982918,0.8094898744426453,1
2019-08-21,180.89,0.6069047152011,179.67166666666665,2.532235208568736,178.7955,2.339879607789122,0.008006425674200734,-0.0008019135745724881,0.0015202609320583455,3,2,2,22323,13132,31222,V,0.21848854609229515,0.5,0.6645709446389226,0.5822854723194613,1
2019-08-22,180.745,1.7273775885235159,178.29333333333332,2.6688381310407308,178.1515,2.1525951901441167,-0.0008019135745724881,-0.01879287419066422,-0.0040250076074028075,2,2,2,23232,23232,21322,V,0.33295927120737234,0.0,0.8187308830396078,0.16647963560368617,0
2019-08-23,177.38,3.1051247962038517,177.4475,1.8929060150515093,178.11599999999999,2.028158096194153,-0.01879287419066422,-0.0035297310285979933,0.02170481452249421,1,1,2,32321,32231,21332,V,0.5641028350125544,0.5,0.7067071795676999,0.5320514175062772,0
2019-08-26,176.755,1.099621146880446,177.54416666666665,1.222913498266506,178.873,2.01118477781787,-0.0035297310285979933,0.008184008773432616,0.04313880795451331,2,1,2,23212,31321,21232,V,0.6086877605778912,0.5,0.42115562003972623,0.4605778100198631,0
2019-08-27,178.2075,0.9335014729500963,178.81500000000003,1.655923252503511,179.5255,1.7058304814895728,0.008184008773432616,-0.003020704645326333,0.04055665446179309,3,2,2,32123,32322,22232,V,0.5891985883307781,0.3745167967986425,0.154775597473967,0.48185769256471034,0
2019-08-28,177.67,1.4017132374348165,179.80083333333334,1.9203430485833564,180.13000000000002,1.6665628037812938,-0.003020704645326333,0.016176772037888476,0.03426295941914789,2,3,2,21232,22313,12222,V,0.09985099545839135,0.5,0.5,0.5,0
2019-08-29,180.56749999999997,0.9396586259558938,180.58333333333334,1.071552258372987,181.472,1.808403192118162,0.016176772037888476,0.0033035491331192546,-0.017998809309537674,3,3,3,12323,13213,13223,V,0.5641028350125544,0.5,0.49792998869434596,0.498964994347173,0
2019-08-30,181.16500000000002,1.1640303547015818,180.80416666666667,1.1201416982875123,182.44549999999998,2.3290736242910905,0.0033035491331192546,-0.006354149832164424,-0.02746115419645087,2,3,3,23232,23223,13323,V,0.33295927120737234,0.898715223386926,0.8153770110196813,0.8570461172033037,1
2019-09-03,180.01749999999998,1.0458927605957886,181.87583333333336,2.128078340720195,182.96400000000003,2.6921746248203005,-0.006354149832164424,0.0067128744321012235,-0.012707097921035266,1,2,3,32321,23132,12323,V,0.5641028350125544,0.6551812301801129,0.7234740551070111,0.6893276426435619,1
2019-09-04,181.23000000000002,0.9546028842752639,183.6816666666667,2.072411126873208,182.42399999999998,3.588669889937967,0.0067128744321012235,0.01723190255168916,-0.0196021629972963,3,3,2,23213,32133,22322,V,0.5,0.7748707503920237,0.29380460218560817,0.3969023010928041,1
2019-09-05,184.38,1.0384282995630196,184.52416666666667,2.2508360399611274,181.416,4.474308414657365,0.01723190255168916,0.005705570958436823,-0.04410727844668615,3,3,2,32133,32233,22222,V,0.5641028350125544,0.08711033871796578,0.6645709446389227,0.6143368898257386,1
2019-09-06,185.435,0.9974801585328223,182.17,4.440958127578904,180.08599999999998,4.387321926210859,0.005705570958436823,-0.009087462742372487,-0.047402054628306524,3,2,2,21333,31322,32232,V,0.5641028350125544,0.6838287159394275,0.22018350399493966,0.623965775475991,1
2019-09-09,183.7575,3.8190869327628567,179.08833333333334,4.362884436477847,178.5345,3.46717156832634,-0.009087462742372487,-0.03567504261347043,-0.044406350761193404,2,1,1,13332,21331,33231,V,0.08727529575886293,0.2140653660883957,0.23753301614981134,0.22579919111910352,0
2019-09-10,177.31750000000002,2.786483745990032,177.07916666666665,1.9568688269939316,177.0325,1.6671212976423264,-0.03567504261347043,-0.006378952770504931,-0.005766492308993798,1,1,1,33321,22331,23231,V,0.6146407313296368,0.26576311780537665,0.5,0.5573203656648185,0
2019-09-11,176.19,1.730452734594823,177.19916666666666,1.5049582194945654,176.898,1.3510915664945287,-0.006378952770504931,0.008702586569363291,-0.0024405471366139215,2,1,1,33212,13221,23221,V,0.6516619924201091,0.6551812301801129,0.7860986379760129,0.653421611300111,0
2019-09-12,177.73000000000002,1.259867717923854,177.21833333333336,1.2413763134179552,176.77949999999998,1.4985061859978028,0.008702586569363291,-0.00029543552334665435,-0.021197884431441178,3,1,1,32123,13311,22221,V,0.5891985883307781,0.5,0.5,0.5,0
2019-09-13,177.6775,1.2977769453954702,176.85666666666665,1.2114554232097232,176.4925,1.3652563861780684,-0.00029543552334665435,-0.008080852053939047,-0.013395055648576749,2,2,1,21232,23312,22321,V,0.09985099545839135,0.7259768247099726,0.3614445706873482,0.23064778307286976,0
2019-09-16,176.2475,0.7014449372545194,176.16333333333333,1.3965889180645104,176.10899999999998,1.3822632089972464,-0.008080852053939047,0.002252811652923903,-0.01113490971503145,1,2,1,12321,32212,32311,V,0.5,0.94813933907426,0.6645709446389225,0.5822854723194613,0
2019-09-17,176.64499999999998,1.3236943252377675,176.17916666666667,1.4094064407230114,175.652,1.6868145001436095,0.002252811652923903,-0.005947624649918382,-0.005972430581108882,2,2,2,23212,33112,32312,V,0.6086877605778912,0.7448569007382598,0.5,0.5543438802889455,0
2019-09-18,175.5975,2.0400551463134495,175.88416666666672,1.587945833363647,175.3825,1.6616316489649878,-0.005947624649918382,0.003964284055306244,-0.0035592761855948976,2,2,2,32122,33122,32212,V,0.6557752046796791,0.7415884973711622,0.6645709446389226,0.6601730746593009,0
2019-09-19,176.29500000000002,0.7818141296582733,175.33916666666667,1.6838562794065806,175.12000000000003,1.621620372213839,0.003964284055306244,-0.0030393001765718353,-0.01636461612637919,2,2,1,21222,22122,22211,V,0.507961094948196,0.8176033914221199,0.6645709446389226,0.7410871680305213,1
2019-09-20,175.76,2.0291706023233593,175.00666666666666,1.7302040517251314,174.97899999999998,1.5355503042369225,-0.0030393001765718353,-0.010279669330383712,-0.011507168866636207,2,2,2,12222,31122,23212,V,0.8115147269936,0.6551812301801131,0.8188145833850603,0.8151646551893301,1
2019-09-23,173.96249999999998,1.2985986036236654,174.51500000000001,1.4839719428859586,174.8215,1.5168779397863632,-0.010279669330383712,0.007644771813124507,-0.01702953222677288,1,2,2,22221,31222,23112,V,1.0,0.6234036100275409,0.6645709446389226,0.6439872773332318,1
2019-09-24,175.2975,1.6880437395596888,175.0575,1.3731789594023978,174.711,1.6557901596010227,0.007644771813124507,-0.005792640256160553,-0.02373108572569503,2,2,2,22212,21222,23122,V,0.9902605219968001,0.7432482136195616,0.5,0.6216241068097808,1
2019-09-25,174.285,1.4982767879578647,174.94916666666666,1.5390815344538975,174.399,1.5701890600212853,-0.005792640256160553,0.007459841668303824,0.006426255845311031,2,2,2,22122,11222,22122,V,0.5454889236758454,0.21406536608839566,0.5,0.5227444618379227,1
2019-09-26,175.59,0.7543650751901574,174.65750000000003,1.7753879217588686,173.74200000000002,2.191705896520356,0.007459841668303824,-0.0035229132531000573,-0.004712682954610093,3,2,2,21223,12222,22112,V,0.630116140674204,0.5386929121708796,0.6645709446389226,0.6473435426565632,1
2019-09-27,174.9725,2.176041896042747,174.04,1.6822657881019218,172.8515,2.31675879534091,-0.0035229132531000573,-0.008970085907681558,-0.010544514137936117,2,2,2,12232,12222,32122,V,0.6629713433901572,0.5386929121708796,0.2097737542591614,0.6008321277805184,1
2019-09-30,173.41,1.6989408465276226,172.71583333333334,1.977190193331446,172.938,2.2796874208632416,-0.008970085907681558,0.0018868066004191775,0.0071795167522057815,2,1,2,22322,12221,31122,V,0.23120232519116868,0.6551812301801131,0.6645709446389226,0.6598760874095179,1
2019-10-01,173.7375,0.9718839093910984,171.95833333333334,2.1383971624191824,173.20850000000002,2.3267331401050604,0.0018868066004191775,-0.015881982908216408,0.004762932585077984,2,1,2,23222,22221,31222,V,0.5473080749911268,0.7510539934031466,0.6645709446389226,0.7078124690210346,1
2019-10-02,171.0,2.1315252754776255,172.51416666666668,2.7244030483203043,173.0865,2.330302160213292,-0.015881982908216408,0.0008037704572139148,0.0379824561403509,1,2,2,32221,22222,21222,V,0.7303879440595398,0.8576354773531563,0.9087364505722743,0.8831859639627153,1
2019-10-03,171.1375,2.221551634931465,173.76833333333335,2.3742169362983807,173.8175,1.9794387162978693,0.0008037704572139148,0.02463025884329273,0.03755751953838293,2,2,2,22212,22212,21122,V,0.9902605219968001,0.8591037411077866,0.5,0.9246821315522934,1
2019-10-04,175.40500000000003,1.005103643080322,174.4316666666667,1.362409852452856,174.50300000000001,1.192838719411104,0.02463025884329273,-0.0036696764892241163,0.017445340782759746,3,3,3,22123,22213,21223,V,0.34354295263587864,0.7911665302081488,0.7243908719288095,0.7577787010684791,1
2019-10-07,174.76250000000002,0.7780477705985188,174.1816666666667,1.2138281541794935,174.921,1.731533849996648,-0.0036696764892241163,-0.009399592043388694,0.01612187969387006,2,3,3,21232,22223,11223,V,0.09985099545839135,0.8185206417052745,0.6645709446389225,0.7415457931720986,1
2019-10-08,173.12749999999997,1.2302133961228003,174.1158333333333,1.2382205585093318,175.4815,2.0225889480147936,-0.009399592043388694,0.008784282258437415,0.03033891207347202,1,2,3,12321,22122,12223,V,0.5,0.8176033914221199,0.789851136058834,0.8037272637404769,1
2019-10-09,174.655,1.026336527005971,175.5716666666667,1.7205222956117043,176.549,1.8609106429521638,0.008784282258437415,-0.0005154344080668949,0.011078984283301542,3,2,3,23213,22132,12223,V,0.5,0.27332531374067054,0.789851136058834,0.3866626568703353,1
2019-10-10,174.565,1.0468524251297353,176.54166666666666,1.6960104702364067,177.134,1.5906516374049182,-0.0005154344080668949,0.01664527438370733,0.007891043450863562,2,3,3,32132,22233,11223,V,0.5,0.5819786355274668,0.6645709446389225,0.5409893177637334,1
2019-10-11,177.495,1.140599257700378,177.84166666666667,0.9146865666180467,177.897,0.8836949938215427,0.01664527438370733,0.000394299560113609,-0.019085044649145143,3,3,3,21323,21223,12233,V,0.5641028350125546,0.7532849402484835,0.6645709446389226,0.708927942443703,1
2019-10-14,177.565,0.5765703195043307,177.87,0.8236283363044467,177.716,1.1632549614178083,0.000394299560113609,0.005055764497686965,-0.03604313913214898,2,3,3,13232,21323,12233,V,0.4876745690890017,0.7885256641209546,0.6645709446389226,0.7265483043799386,1
2019-10-15,178.465,0.8086820553633333,178.14166666666665,0.8597867952773688,177.3915,1.4092449452772433,0.005055764497686965,-0.0049712919582516335,-0.0196256969153617,3,3,3,32323,22333,22233,V,0.7364946939026178,0.7758023366041462,0.8044364531706069,0.7901193948873766,1
2019-10-16,177.57999999999998,0.8903557341497377,177.51666666666665,1.3463373434708792,176.52000000000004,2.3244263582090134,-0.0049712919582516335,0.004494894633880087,-0.006884221196080461,2,2,2,23232,12232,22232,V,0.33295927120737234,0.1285675774731752,0.154775597473967,0.14167158747357111,0
2019-10-17,178.38,0.7925065720021894,176.97083333333333,1.5526543743089076,175.237,3.074520244988165,0.004494894633880087,-0.01008544481302831,0.005297679112008194,3,2,2,32323,13232,12232,V,0.7364946939026178,0.2140653660883957,0.3469122583536198,0.28048881222100774,0
2019-10-18,176.59000000000003,1.7553916941810943,175.54666666666665,2.498953720453757,174.55349999999999,2.7052974833988594,-0.01008544481302831,-0.003673424311892326,0.015431224871170312,1,1,1,23231,23331,22331,V,0.5641028350125545,0.2140653660883958,0.7031512487020002,0.6336270418572774,0
