shp1,shp1,shp1,shp1,shp1,shp3,shp3,shp3,shp3,shp3,shp5,shp5,shp5,shp5,shp5
shape,p_avg,p_std,p_srs,HSI,shape,p_avg,p_std,p_srs,HSI,shape,p_avg,p_std,p_srs,HSI
13322.0,-0.00012176156166953079,0.0025496606651742755,-0.04775598703492886,0.0,12211,-0.0002976753452115832,0.003968249013778491,-0.07501428065073527,0.0,22211.0,-8.052676061690784e-05,0.0011108795574833353,-0.07248919117688946,0.0
12232.0,-0.00017215178468374924,0.0036687031217900444,-0.046924425053982685,0.006379372962693061,32331,-0.00012354579687624524,0.0018142318011050164,-0.06809813211354562,0.039496765755728656,33121.0,-0.00041907551386828173,0.005805606351136792,-0.0721846243995208,0.0018062841770503234
11132.0,-8.883857478603826e-05,0.0019038975471049947,-0.04666142614718073,0.008396983379851869,33212,-0.0001878179588172285,0.0027637338029825485,-0.0679580495829737,0.04029674957139104,32212.0,-0.00022393732199159694,0.003180730983167708,-0.07040435773306943,0.01236445318787727
23122.0,-8.801176713371743e-05,0.0019009009598790173,-0.046300027719129,0.011169471075897976,31122,-0.00013523047597491317,0.0019938030127525964,-0.06782539453996372,0.04105431646456976,12121.0,-0.00013098646493997843,0.0018870448024009283,-0.06941354268500753,0.018240647430597404
21121.0,-0.00020518683331649664,0.004610170979209662,-0.0445074237467159,0.02492152994397714,33321,-0.0003872905195948604,0.006089893894826406,-0.0635956104134882,0.06520978275370015,12221.0,-0.00016343369534776203,0.002381607611029674,-0.06862326715403065,0.02292750855000872
12112.0,-0.0001354742109088373,0.003196165435291509,-0.04238648269359101,0.041192444583888405,23321,-0.00020896290056542476,0.003380474513626496,-0.0618146652853342,0.07538041054925178,33312.0,-0.0002968713843484493,0.004542085970440654,-0.06536014207578905,0.04228001720997123
11322.0,-9.484136955555312e-05,0.0022671783413935245,-0.04183233750250928,0.04544359955536848,33221,-0.00018530631664224245,0.0030558510666496078,-0.060639838984499234,0.0820896127820024,32321.0,-9.218054540985499e-05,0.0014190622144732387,-0.06495877662705067,0.04466038208605649
21223.0,-0.0001893073903643919,0.0045277029020076315,-0.041810912610995524,0.0456079617758442,32231,-7.802056108400775e-05,0.0013218043317928664,-0.0590258022366914,0.09130705960323687,12231.0,-4.871787876260329e-05,0.0007767138124504932,-0.06272307506532016,0.0579195838625929
12122.0,-0.00023439890613163197,0.005742423725203503,-0.04081881054908138,0.053218926700919086,33231,-6.844351706921817e-05,0.0011745801611325376,-0.05827062241816216,0.09561974320676503,32111.0,-0.00020039907628802893,0.003470718819991076,-0.05773993419857164,0.08747293363168308
21221.0,-0.0001498479654267481,0.003726127399838645,-0.04021547020459823,0.05784748496727743,23233,-0.0002984817137357859,0.005560468458085846,-0.05367923871625309,0.12184023364213406,33321.0,-0.0003286926693742262,0.005758029632787462,-0.057084226781776055,0.09136171605885753
13222.0,-9.252145225493536e-05,0.0023068771775891423,-0.04010679595505259,0.058681185383094386,31123,-8.663512047592141e-05,0.0016313799852555025,-0.053105420722905854,0.12511719548698008,13212.0,-0.0003133767092259365,0.005578907817274633,-0.05617169515789293,0.09677363737056041
32321.0,-0.00015105445893326893,0.003782392565124793,-0.039936219293061445,0.05998977352265148,22232,-0.00012337551086955765,0.00238355177664816,-0.05176120446733191,0.13279375047794917,31211.0,-0.0003920666585874602,0.0069887470561049315,-0.056099706491019065,0.09720057819130466
23232.0,-0.00019063511497750333,0.004967196661325102,-0.03837881363985445,0.07193749569329402,31331,-2.8679972574230357e-05,0.0005717510217369643,-0.05016164638779545,0.1419285124687329,13322.0,-3.885094646388743e-05,0.0006949644219562829,-0.05590350417439264,0.09836418882239445
32231.0,-0.00013616712257879453,0.0035580769632604123,-0.03826986430726866,0.07277330642361435,31132,-0.0001775123009215805,0.0035421766791771344,-0.050113903681060175,0.14220116168879057,23312.0,-0.0002061426649675634,0.0037659483737607874,-0.05473857963743226,0.10527296848887199
11223.0,-8.402786495311263e-05,0.0021968220803495627,-0.038249736155120014,0.07292772063752533,23332,-0.00031716121771257073,0.006364112256792382,-0.04983589303819497,0.1437888258605188,23211.0,-0.00012727466145834017,0.0023410541123674838,-0.0543663902453022,0.10748029988489208
22131.0,-3.5819922262594036e-05,0.0009372950942029946,-0.03821626986435111,0.0731844591072782,13223,-2.1654741454277817e-05,0.000435041536017337,-0.049776261946203784,0.14412936731353554,11321.0,-9.392082149690081e-05,0.0017358016030496854,-0.0541080393818558,0.10901249286011493
12321.0,-3.8655094085505176e-05,0.001023862501809417,-0.03775418478281225,0.07672936994155986,22321,-0.00010931247200088682,0.0022596051593281275,-0.04837680226991067,0.15212140662875787,21222.0,-0.00018163184216484692,0.0035072914578524544,-0.05178692570821066,0.12277824544174157
21113.0,-2.3122780578022107e-05,0.0006349298293285286,-0.0364178520364615,0.08698111928384147,23331,-4.9804879795219736e-05,0.0010498871641673212,-0.047438316702081616,0.15748091335975964,13312.0,-8.95900706625985e-05,0.0017384047279138917,-0.051535795562468206,0.12426761474378421
31223.0,-3.965191628447987e-06,0.00010888043656386003,-0.036417852036461494,0.08698111928384153,22212,-0.0001564266649787657,0.003343972427341906,-0.046778694614748324,0.16124788553084812,13311.0,-2.705190520258063e-05,0.000524923346474372,-0.051534962931776104,0.12427255279926572
13212.0,-2.9255163992498072e-05,0.0008033193161202328,-0.036417852036461494,0.08698111928384153,23212,-4.891496323441891e-05,0.0010728737458279647,-0.045592469220756215,0.16802218574549352,21331.0,-0.00011215844743819581,0.002176748635504253,-0.0515256771539052,0.12432762365691055
13313.0,-1.37924687927475e-05,0.00037872823413469036,-0.036417852036461494,0.08698111928384153,33211,-0.0001350867945169752,0.0030486230831848126,-0.04431075630899368,0.17534179641749748,11231.0,-0.00011280966178904365,0.002191412972269964,-0.05147804782418091,0.12461009735738367
21213.0,-2.161970444645166e-05,0.0005936567709925903,-0.036417852036461494,0.08698111928384153,11311,-0.00012091318847805051,0.002758456502017952,-0.04383363971467244,0.17806651556757724,22311.0,-5.26926021300564e-05,0.0010243457600551198,-0.05144025014290197,0.12483426282353595
11321.0,-8.472971731699017e-06,0.0002326598428489383,-0.03641785203646149,0.08698111928384158,23213,-7.816619039062422e-05,0.0018586112488158937,-0.042056234427948966,0.18821692802405074,32231.0,-7.013569669989846e-05,0.001364578538639403,-0.05139733237328319,0.12508879382933522
21313.0,-1.7813854049501473e-05,0.0004891516949342942,-0.03641785203646149,0.08698111928384158,32122,-0.0002615352261445613,0.006246392979040308,-0.0418698002226468,0.1892816171492307,31321.0,-4.285549472363668e-05,0.0008355909487590134,-0.05128764832515714,0.12573929340882511
11113.0,-1.733375069861353e-05,0.0004759685080069799,-0.03641785203646149,0.08698111928384158,32223,-6.753098418772383e-05,0.0016191494342908447,-0.0417076909379282,0.19020739143110596,12132.0,-5.491323679667449e-05,0.0010730833204541357,-0.05117332060797931,0.12641733304374775
21132.0,-1.887006582276741e-05,0.0005181542778490817,-0.03641785203646149,0.08698111928384158,32321,-9.517553825030068e-05,0.0024507948178524052,-0.03883455993827405,0.20661527820054978,33331.0,-0.00028821981969124987,0.005690251864285362,-0.05065150481303824,0.12951204882949507
32113.0,-7.796938584559968e-06,0.00021409660780525132,-0.03641785203646149,0.08698111928384158,31111,-0.00010591650535239594,0.002870338197727277,-0.036900357399089846,0.21766112896611717,13331.0,-5.663929140036053e-05,0.0011205042283127281,-0.05054803897139131,0.1301256702961786
21231.0,-3.064509818126032e-05,0.0008414856030108119,-0.03641785203646149,0.08698111928384158,23133,-6.100556503128217e-05,0.0016751554970953115,-0.0364178520364615,0.22041662231348225,31233.0,-1.80233222101755e-05,0.00036052563047382126,-0.049991791669536295,0.1334245878884
23121.0,-0.00010572336549961545,0.0029030642826975467,-0.03641785203646149,0.08698111928384158,32121,-3.0839932509722544e-05,0.0008468355706109644,-0.036417852036461494,0.22041662231348227,32332.0,-0.00010848869746165026,0.0021797851009061923,-0.04977036379253567,0.13473780292137108
23311.0,-1.5713566889473786e-05,0.0004314797828752061,-0.03641785203646149,0.08698111928384158,13312,-2.161970444645166e-05,0.0005936567709925903,-0.036417852036461494,0.22041662231348227,32221.0,-0.00016213609035278974,0.003283732596638547,-0.04937554614488504,0.1370793349687366
31332.0,-4.800463536132595e-05,0.0013181621835704038,-0.03641785203646149,0.08698111928384158,31131,-0.00011564307591921693,0.0031754502106119626,-0.036417852036461494,0.22041662231348227,12321.0,-9.469795798111215e-05,0.001948757220886249,-0.04859402544666172,0.14171427408926113
12231.0,-1.879735452122711e-05,0.0005161576938257433,-0.03641785203646148,0.08698111928384164,22313,-2.0627329688530156e-05,0.0005664070925401672,-0.03641785203646149,0.22041662231348233,12332.0,-0.0003827272743886348,0.008143035143095806,-0.04700056768306297,0.15116454167935509
31231.0,-5.9424494048987416e-05,0.0016317407734396782,-0.03641785203646148,0.08698111928384164,23122,-4.2510764875437656e-05,0.0011673056618736316,-0.03641785203646149,0.22041662231348233,22223.0,-8.764320467568108e-05,0.0020103745092236174,-0.043595461578712434,0.17135909254470072
11211.0,-6.082397670871192e-05,0.0016701692523714764,-0.03641785203646148,0.08698111928384164,21131,-8.337948014491347e-05,0.002289522184379081,-0.03641785203646149,0.22041662231348233,22231.0,-7.91589702002116e-05,0.0018821960635865569,-0.04205670797619926,0.18048492796447924
31321.0,-1.5098888049208624e-06,4.14601279451947e-05,-0.03641785203646148,0.08698111928384164,11331,-5.3041067681121845e-05,0.0014564578830189442,-0.03641785203646149,0.22041662231348233,33212.0,-0.0002210054944816216,0.005323481437632356,-0.04151521839060171,0.18369632245390008
32111.0,-1.150240309441996e-05,0.0003158451817230675,-0.03641785203646148,0.08698111928384164,23231,-5.724572527709669e-05,0.001571913830057368,-0.03641785203646149,0.22041662231348233,11331.0,-3.8553108767754306e-05,0.0009937711713487417,-0.03879475464701819,0.19983048737079762
12312.0,-4.5081566049108984e-05,0.0012378974466691064,-0.03641785203646148,0.08698111928384164,33133,-1.4016942811268222e-05,0.00038489207977544874,-0.03641785203646149,0.22041662231348233,23122.0,-9.059037025344586e-05,0.0023480470116179777,-0.03858115693817493,0.20109726428281374
33133.0,-4.446804646679651e-05,0.0012210507753800304,-0.03641785203646148,0.08698111928384164,23111,-1.3410272797077247e-05,0.000368233491191378,-0.03641785203646149,0.22041662231348233,22221.0,-3.394217074349823e-05,0.0008961840420330983,-0.037874107495260066,0.2052905391769545
13132.0,-3.4564869481506315e-05,0.0009491188400375738,-0.03641785203646148,0.08698111928384164,33113,-0.00011290266857324136,0.0031002011996809544,-0.03641785203646148,0.22041662231348236,21321.0,-1.5956469129308142e-05,0.00043152247485001797,-0.03697714501395101,0.21061012508646826
12132.0,-3.499246103316981e-05,0.0009608601022964075,-0.03641785203646148,0.08698111928384164,33131,-1.814812246489552e-05,0.0004983303915542755,-0.03641785203646148,0.22041662231348236,23321.0,-0.00014571571756362162,0.003947343776289255,-0.03691487892159302,0.21097940455406053
11221.0,-1.949928746354444e-05,0.0005354321129104978,-0.03641785203646147,0.0869811192838417,11323,-9.448021018282002e-06,0.00025943378013680384,-0.03641785203646148,0.22041662231348236,33222.0,-7.159492260843799e-05,0.0019659279508539573,-0.03641787715431721,0.2139269566014386
33112.0,-2.4290223983435314e-07,6.669867283527868e-06,-0.03641785203646147,0.0869811192838417,21111,-7.342932799544361e-05,0.002016300355164448,-0.03641785203646148,0.22041662231348236,21311.0,-1.136572233457841e-05,0.00031209205647820924,-0.0364178520364615,0.21392710556707997
12211.0,-8.594314239246604e-05,0.0023599179409708173,-0.036417852036461466,0.08698111928384174,12311,-2.077365960661542e-05,0.0005704251746043911,-0.03641785203646148,0.22041662231348236,13112.0,-1.7291179944093003e-05,0.0004747995550858162,-0.036417852036461494,0.21392710556708003
32121.0,-1.8542727873022197e-05,0.0005126040312363235,-0.036173589638575296,0.0888549915538373,31222,-2.791442768966091e-07,7.665039569525693e-06,-0.03641785203646148,0.22041662231348236,23331.0,-0.00010908793457404566,0.002995452188251712,-0.036417852036461494,0.21392710556708003
33221.0,-8.230197040846445e-05,0.0022897526439170355,-0.03594360754516788,0.09061931169136629,21332,-2.368601134941439e-05,0.0006503956171193184,-0.03641785203646147,0.22041662231348239,12122.0,-9.577045826220402e-06,0.00026297668013566203,-0.036417852036461494,0.21392710556708003
31212.0,-9.524312330031353e-05,0.002684183683913725,-0.03548308704471465,0.09415221975675722,21231,-1.7640237044025915e-05,0.0004843843350883119,-0.03641785203646147,0.22041662231348239,11322.0,-6.424832048281754e-05,0.0017641985150165427,-0.036417852036461494,0.21392710556708003
32212.0,-2.4519010094512144e-05,0.0008029362882372219,-0.030536681992965515,0.13209883512961584,11232,-9.55441578117166e-05,0.002654552746970097,-0.03599256331250926,0.22284536267644153,32311.0,-4.829726384686175e-05,0.0013261974868398775,-0.036417852036461494,0.21392710556708003
22333.0,-0.00010591661560943055,0.0034697000093140964,-0.03052615941583046,0.13217955965239506,33123,-6.700170703189095e-05,0.001879295217927712,-0.035652571449510395,0.22478698942137212,21312.0,-2.5513485707524903e-06,7.005763459629866e-05,-0.036417852036461494,0.21392710556708003
22233.0,-0.00014738974131893936,0.004880443614773331,-0.030200070516701333,0.13468116837694466,21221,-0.00022356039005021178,0.0063965656830620955,-0.034950065570684696,0.22879886250200374,33313.0,-8.149817899906886e-05,0.0022378634225179734,-0.036417852036461494,0.21392710556708003
22312.0,-0.00013064380245890017,0.00444071634642258,-0.029419533306635583,0.14066910203476257,23311,-2.0874227307141558e-05,0.0006046595734663246,-0.034522280342765645,0.2312418599087288,22131.0,-5.3041067681121845e-05,0.0014564578830189442,-0.03641785203646149,0.21392710556708006
23332.0,-9.565053270220836e-05,0.0034377478387465246,-0.027823603472058197,0.15291236455798896,13311,-6.276355252840498e-05,0.0018576547589097658,-0.03378644617756645,0.23544406428615886,33131.0,-1.6524479945187476e-06,4.537466934799778e-05,-0.03641785203646149,0.21392710556708006
23211.0,-8.43878293400273e-05,0.003130989195821289,-0.026952449868767926,0.1595954668047502,13111,-0.00010815936678221699,0.0034670260509679675,-0.031196583236523336,0.25023426281526506,31231.0,-3.180927074047449e-05,0.0008734526876716153,-0.03641785203646149,0.21392710556708006
12212.0,-5.9180906000955925e-05,0.002382012588143735,-0.02484491740116062,0.17576351675161533,21133,-4.200058269003711e-05,0.0013826038144420904,-0.0303778871802008,0.25490967517632596,31333.0,-6.873985417525421e-06,0.00018875318101252097,-0.03641785203646149,0.21392710556708006
23223.0,-0.00010707470522483172,0.004531352860605754,-0.023629743372163232,0.18508579040430476,22111,-0.00013096751226676808,0.004371951451711725,-0.029956305259403352,0.2573172467145962,22222.0,-4.800463536132595e-05,0.0013181621835704038,-0.03641785203646149,0.21392710556708006
12233.0,-8.373415846897027e-05,0.0035792369305311794,-0.023394416210536707,0.18689111552337695,32211,-2.7458276523686775e-05,0.0009168845377369361,-0.029947365664448413,0.2573682989853778,13122.0,-4.124602030051452e-05,0.0011325769641553568,-0.03641785203646148,0.2139271055670801
23321.0,-5.873040539747379e-05,0.0027050491001493846,-0.021711400874102598,0.19980245921038528,33112,-4.723954564337976e-05,0.0017020258324419019,-0.027754893458699765,0.2698890770847429,12131.0,-3.4138108221790678e-06,9.374003768155154e-05,-0.03641785203646148,0.2139271055670801
22123.0,-6.806665698805206e-05,0.0032841668467498224,-0.02072570005248493,0.2073643166723838,12323,-5.462265188226248e-05,0.002074028310611424,-0.026336502545695584,0.2779892289741563,22331.0,-1.7313619874980835e-05,0.0004754157345042336,-0.03641785203646148,0.2139271055670801
22112.0,-6.787977500074405e-05,0.0034407664131808056,-0.019728097420595548,0.21501747951918126,12321,-4.595901144302546e-05,0.001879427683139601,-0.024453726980465943,0.28874139039327784,23132.0,-7.383556424118488e-05,0.002027455220787345,-0.03641785203646148,0.2139271055670801
32332.0,-5.76799869211049e-05,0.0030301416528664194,-0.019035409406204306,0.22033147329455935,23113,-0.00010106335941698973,0.0041926677358857765,-0.024104786208544685,0.2907341225992286,32313.0,-4.229909074811482e-06,0.00011614932892188439,-0.03641785203646148,0.2139271055670801
32323.0,-2.9547545861196122e-05,0.0015644731304763132,-0.0188865793126151,0.2214732314518981,31232,-2.3082164571675373e-05,0.001004267952569337,-0.02298406965254796,0.2971343147079939,13132.0,-2.368601134941439e-05,0.0006503956171193184,-0.03641785203646147,0.21392710556708014
11212.0,-6.858388492810932e-05,0.004893312689673531,-0.014015839427724178,0.2588393773820295,32311,-4.958021783974747e-05,0.00218126216119549,-0.02273005910145799,0.29858491906993556,23311.0,-4.3386041922099755e-07,1.1913399471957254e-05,-0.03641785203646147,0.21392710556708014
22122.0,-3.7063579307420726e-05,0.002695513618090083,-0.0137500990752487,0.26087801894877083,32113,-1.4128776341269183e-05,0.000627485361629738,-0.022516503499895493,0.2998044931616981,21111.0,-8.594314239246604e-05,0.0023599179409708173,-0.036417852036461466,0.21392710556708017
23333.0,-1.7141455111646097e-05,0.001481533508767493,-0.011570075877599487,0.2776021854736799,22221,-3.361038869252721e-05,0.0014978350898705059,-0.02243931185737742,0.3002453194693521,21211.0,-0.00011634961632491253,0.00330366427380037,-0.03521835352569581,0.22104093196374208
21211.0,-5.18190999030005e-06,0.0004696147341100231,-0.011034385452407916,0.28171176370494083,23211,-4.491247247149913e-05,0.002044088483926703,-0.02197188273631975,0.3029147153625356,32331.0,-6.116989615199934e-05,0.0017976016392061553,-0.034028616139342625,0.22809686838064716
23233.0,-2.9300206344710152e-05,0.002955315987228075,-0.009914407282110007,0.29030373715023405,22231,-2.5957714200757676e-05,0.0011977498121899062,-0.021672067018151213,0.30462690403614673,11323.0,-8.918294612895234e-05,0.002883061691055489,-0.030933415821672014,0.24645347118188501
21323.0,-1.4437430756190587e-05,0.0014724565805626236,-0.009804995914157323,0.2911430924100001,32332,-0.00015316529988757972,0.0072192597220186614,-0.021216205786367164,0.3072302379859709,32121.0,-0.000134119260109169,0.0046252895509418185,-0.0289969435712104,0.25793804351615485
22323.0,-4.6800701169217827e-05,0.005348390400337948,-0.008750427262426586,0.2992332731762011,33111,-1.6534067435152166e-05,0.0008297578476823619,-0.019926376690903615,0.31459619858882804,13231.0,-4.996714121736151e-05,0.0017888804889462748,-0.02793207345382488,0.2642534337247163
22332.0,-1.4134458901247247e-05,0.0036186523981158766,-0.003906000727952382,0.3363975548075159,13232,-7.008932890561992e-05,0.003517749820247903,-0.019924478000735303,0.31460704163541925,32233.0,-2.5617098611708204e-05,0.0009623737167318358,-0.02661865984734325,0.27204285263575767
21332.0,-8.817453682538522e-06,0.0024422329691826438,-0.003610406457451727,0.33866522233004165,32233,-2.5364194367460765e-05,0.0013579458824891971,-0.018678354339840598,0.32172340908651925,23111.0,-3.251287696446886e-05,0.001547134566929897,-0.021014899194571526,0.3052768917733444
33222.0,-1.6389479279927986e-05,0.005021277282799651,-0.003264006020155475,0.3413226521243167,33312,-3.570115662656139e-05,0.001924371100240356,-0.018552116388622898,0.32244432922898264,32312.0,-4.856852274273628e-05,0.0027241703940969974,-0.017828738924694054,0.32417294777376565
32112.0,-1.3744167723812103e-05,0.004212208212001795,-0.0032629364532956867,0.34133085736465174,22112,-8.523025420251358e-05,0.004868397186774152,-0.01750684073888967,0.3284136931409463,22332.0,-4.27623059754019e-05,0.0025554417519882008,-0.016733821438947572,0.33066653892236836
33123.0,-1.2676653656065754e-05,0.004040589267354618,-0.0031373279532480626,0.3422944698041917,22211,-1.8323916349991628e-05,0.0013119652937134826,-0.013966769119422568,0.3486303467828895,12331.0,-6.32776096739018e-05,0.004094943727945027,-0.01545262007926456,0.33826491771996636
32133.0,-5.491090586685022e-06,0.002053825909653164,-0.00267359105797449,0.34585205261737584,32333,-4.379986291696251e-05,0.003169513137286981,-0.013819113857484758,0.34947357697986964,33332.0,-3.732752649350774e-05,0.0026877804109608936,-0.013887863138403846,0.3475449702838912
22211.0,-5.952899068216371e-06,0.0023327142097927106,-0.002551919580729676,0.3467854619723626,33122,-2.888712760303992e-05,0.0021041841887049183,-0.013728421569795821,0.3499915028201606,21333.0,-5.491285795047688e-05,0.004137044511397646,-0.013273451083059606,0.351188843668065
22331.0,-5.819307374534745e-06,0.0025165431564856005,-0.0023124210524811807,0.34862278795734186,31221,-3.7437719446386425e-05,0.0027912188116140566,-0.013412678107001436,0.3517946517146406,22212.0,-3.1104280468345806e-05,0.0023535954684293487,-0.013215644270892047,0.3515316766291848
33322.0,-2.728811151732663e-06,0.00557874387942836,-0.0004891443684653037,0.36261015420066756,22113,-2.0670714391495267e-05,0.0018013499728695205,-0.011475124047420482,0.3628596423548541,33311.0,-1.713788725153318e-05,0.0013510655457346717,-0.012684719335518305,0.35468041569472714
13232.0,9.136346892126554e-07,0.0016916935729194553,0.0005400710293152809,0.3705058361003116,23222,-2.7351951014001473e-05,0.0024301144857987794,-0.011255416637299242,0.3641143482168948,31221.0,-1.621808092249519e-05,0.0012853442219149273,-0.012617694657959578,0.35507791674718003
12223.0,8.51087776912605e-06,0.0026310990440115076,0.0032347234470314476,0.39117800867591995,21121,-2.8061500080604325e-05,0.0027111823413809217,-0.010350281370714224,0.3692833979284969,12222.0,-1.4549922136545051e-05,0.001159394570520937,-0.012549586229308896,0.35548184516661685
32122.0,1.221500576754204e-05,0.0031208028583801276,0.003914058760469835,0.3963895664797296,22233,-2.0183757506037056e-05,0.0024305559602645194,-0.008304173134051372,0.3809683201507109,23332.0,-7.328094224949062e-05,0.006737704818176251,-0.010876247064401103,0.36540586275817755
31222.0,1.6940617282054543e-05,0.0028085910199674813,0.006031713824339824,0.412635272474358,13333,-1.8458767904987701e-06,0.00023400751315638113,-0.007888109085049841,0.383344380207031,33323.0,-2.5800891798943954e-05,0.0030249242175789683,-0.008529434109127529,0.3793240292247592
12221.0,7.060158313953178e-06,0.0011240028554477758,0.006281263681612784,0.41454970777660644,12333,-1.0000882815831349e-05,0.001478666874326221,-0.00676344549910095,0.3897671130285374,33122.0,-1.970922654349214e-05,0.0023366758134038897,-0.008434728698963702,0.37988569548835477
21233.0,1.7785397991724334e-05,0.002374795826951567,0.0074892324594298945,0.4238167059529969,22122,-2.5410429274358514e-05,0.005158507092293075,-0.004925926982308945,0.4002608203338809,33113.0,-1.0295125573025913e-06,0.00014683121659871156,-0.007011537336207192,0.3883261697307246
32223.0,2.6235445901719755e-05,0.002645876025450888,0.009915599086789764,0.4424307094967234,23123,-8.695086511642572e-06,0.0030266656005704636,-0.002872826951878572,0.41198567131690195,33322.0,-1.376286232520184e-05,0.0025011026116727947,-0.005502717985647507,0.39727447506622215
12121.0,2.7398813074969112e-05,0.0023349994152179142,0.011733969994340282,0.4563804408090864,22213,-8.801580775480775e-06,0.004299310985354852,-0.0020472072863448186,0.4167006230501625,12311.0,-6.232829172476643e-06,0.0016224920910815309,-0.0038415159042913573,0.40712651165524455
22221.0,6.326899187991004e-05,0.004293220417226822,0.014736954018489047,0.47941799607256336,23112,-2.0357118226436457e-06,0.001975229704655335,-0.0010306202958804045,0.42250615166435995,33231.0,-2.0022892716587392e-06,0.0005520682233923328,-0.0036268873788009937,0.4083994019976721
22213.0,4.301487400792859e-05,0.0026850099639537167,0.016020377795763766,0.48926385138103706,33332,-3.8208012743921975e-06,0.004391270478581413,-0.000870090169354928,0.42342290768398855,22321.0,-7.095242078262805e-06,0.00230284146505738,-0.003081081431754579,0.411636395390082
32211.0,3.997474054142546e-05,0.0023084914419377917,0.017316391048809738,0.4992062875375892,12221,1.0868314957199015e-06,0.0007580967487253417,0.001433631653937696,0.43657901049636716,21223.0,-3.0219675153384757e-06,0.0017848736516010114,-0.0016930988435107466,0.4198680581105746
23213.0,3.6393471370849046e-05,0.0019932435078170527,0.018258417111668514,0.5064330917124453,13323,3.041005026625631e-06,0.0019317072489187974,0.0015742577082152186,0.43738209826914776,13211.0,1.5515725950918746e-06,0.0013469141198613633,0.001151946194796426,0.4367410732177652
23212.0,4.0660443739313e-05,0.00221394417604925,0.018365613812300792,0.5072554570314145,23223,1.0518904696501645e-05,0.003884354799849618,0.002708018509768696,0.44385678350200436,23123.0,3.225408167475357e-06,0.0017175491487798455,0.0018779131705003618,0.4410465417018994
22322.0,0.00015143669750610766,0.007802241381013238,0.01940938380535483,0.5152627953002745,13222,6.791846146828403e-06,0.0023909144471154463,0.0028406897432162515,0.44461444285559176,23212.0,5.81855844239594e-06,0.003075973754042265,0.0018916151136691367,0.4411278033659405
11232.0,2.653062013718751e-05,0.0013286531022212872,0.019968056442146352,0.5195486828177498,32132,1.9186441973317474e-05,0.003931673166848562,0.004879968695031788,0.45626036437352024,22232.0,6.183217588837304e-06,0.002306163441361246,0.0026811705874530607,0.4458103940658219
21122.0,4.738890466151403e-05,0.0023267098912108206,0.020367345684361545,0.522611851955405,12322,1.0458522129640747e-05,0.001412022338296481,0.0074067681834682,0.47069041991235366,33211.0,2.0268144688698837e-05,0.0038023529400102465,0.00533042171741275,0.4615222206754805
33212.0,6.895306546121994e-05,0.0029784700432275483,0.023150498229117855,0.5439629580688268,33222,1.3591481768770672e-05,0.0017869069902995114,0.007606149532434558,0.4718290476317903,11232.0,1.6757440853686133e-05,0.002903425851670267,0.005771609715483522,0.4641387598361359
33332.0,8.221128526480065e-05,0.0033162003311608826,0.02479080786896292,0.5565466826818327,33233,3.4747524621870276e-05,0.0036629634818069975,0.009486178280087241,0.48256552251528767,32232.0,1.0193909711087968e-05,0.0016092379515915392,0.006334619253172704,0.4674777819981803
11122.0,6.106048752058639e-05,0.002416063010548519,0.025272721470423826,0.560243709085103,31112,2.076873736285089e-05,0.0016857311493289518,0.01232031416819842,0.49875071586252556,23222.0,1.9748640457198344e-05,0.0025475400512336506,0.007752043171072043,0.47588405144488094
21222.0,0.00010768259349504164,0.004185004877766692,0.02573057777473988,0.5637561786249309,12312,1.304579933728756e-05,0.0010186909691860802,0.012806434661643237,0.5015268545118627,33223.0,2.413003142832383e-05,0.001714401479099896,0.014074901195834657,0.5133828177336281
32213.0,4.317144016035698e-05,0.0015807129535639246,0.027311372417757003,0.5758833307029505,32112,4.01513980599634e-05,0.0027923615135838228,0.01437901140831567,0.5105075314106077,33333.0,5.644284573707569e-05,0.003773340825081492,0.014958321644813706,0.5186220903570569
23221.0,5.435190249981795e-05,0.0019224827520778632,0.028271724384040988,0.5832507230426175,21222,6.385866188151335e-05,0.004405293549619487,0.01449589253524983,0.5111750165675502,22312.0,3.3722919755274804e-05,0.001977439134612354,0.017053834509999043,0.5310498796382497
23312.0,8.368957076338663e-05,0.0029346521084816623,0.028517714423971757,0.5851378490125189,22322,2.7886316379197868e-05,0.0018572265426892486,0.015015032220473607,0.5141397213351719,13232.0,5.304838520451403e-05,0.0030039452921863555,0.017659571012328235,0.5346423012052764
22121.0,6.128169102089973e-05,0.0020836100325558305,0.029411305409069,0.5919930808541062,21322,2.9247183540210648e-05,0.0018937145186025503,0.015444346681036877,0.5165914518891407,11223.0,1.748521016488562e-05,0.000970650650031156,0.018013906614418256,0.5367437477154652
21123.0,4.965549615995404e-05,0.0016595540402305684,0.0299209877811844,0.5959031368917026,23313,2.488949244170708e-05,0.001529856616503222,0.016269166778908172,0.5213018374485402,23322.0,4.8691325899084885e-05,0.002507498901412824,0.019418284040583333,0.5450726427624062
12333.0,8.142476765685507e-05,0.0024850141085655903,0.03276632006884476,0.6177312582845601,22132,3.898217582210071e-05,0.0023682069104456072,0.016460629200159598,0.5223952417273131,22121.0,5.007492193864101e-05,0.0025126069690812056,0.01992946869718828,0.5481043088054125
12331.0,6.15539021009411e-05,0.0018373663541432841,0.03350115885279835,0.6233686139810745,33322,8.67195486673651e-05,0.004483194488399115,0.019343249303987127,0.5388573189067449,12212.0,3.0504586547460688e-05,0.0015136963183246671,0.02015238207173724,0.549426333829873
22232.0,0.00024634741420645375,0.007124663121385405,0.034576710506777054,0.6316197669902159,33223,6.128381250730367e-05,0.0028019684610015292,0.021871699614134314,0.5532968019640973,32223.0,7.301509383269605e-06,0.0003592856243175974,0.020322297606918154,0.5504340463101507
32222.0,0.0002639022570765883,0.007347085505036783,0.03591931207220476,0.6419196079189864,21232,6.083837623942371e-05,0.0027442400865074416,0.022169480191819482,0.5549973683501709,32222.0,6.702185581093734e-05,0.003065166625002343,0.02186564843302315,0.5595871463327988
21333.0,6.829734071775939e-05,0.0018850119390453309,0.036231781509218845,0.6443167341992037,33333,3.884892528633658e-05,0.0016821743903816118,0.023094469579651288,0.5602798010482651,31222.0,4.5314574060172235e-05,0.0017059080862051321,0.02656331512032193,0.5874474437678443
22132.0,6.586861674860924e-05,0.0018086903281023198,0.03641785203646147,0.6457441843686968,21113,1.0903866400451895e-05,0.00043259346650211656,0.02520580462904089,0.5723372207854484,32322.0,0.00012991447004664773,0.004737439534078523,0.027422929435218072,0.5925455301342486
33233.0,4.27611206336042e-05,0.0011741801957675004,0.03641785203646147,0.6457441843686968,22333,2.927541220422954e-05,0.0011558221507587416,0.025328647824418005,0.5730387541441385,21133.0,7.31860768983267e-05,0.0025564794672817913,0.028627680306051003,0.5996905065301443
21312.0,6.791959453530417e-06,0.00018650082510990272,0.03641785203646148,0.6457441843686968,23322,0.00010730792108532999,0.00406342524467088,0.026408242953666415,0.5792041098622326,23231.0,8.612170996250547e-06,0.0002692555204853117,0.031985123204633994,0.6196023827874805
31322.0,6.31054670277563e-05,0.001732816832925106,0.03641785203646148,0.6457441843686968,12222,4.5445019652265576e-05,0.0016988108818802971,0.026751076377592782,0.5811619642034519,23232.0,0.00010029711357330855,0.0031252195241153824,0.03209282189599094,0.620241107876828
33213.0,1.2021109748988366e-05,0.0003300883790991532,0.03641785203646148,0.6457441843686968,11322,6.920671555843083e-05,0.0024365566824784625,0.02840349090013118,0.5905985789576201,12111.0,0.00011645033425596011,0.0034655829140090824,0.03360194724680447,0.6291912279979744
13333.0,6.054217294551996e-05,0.0016624311858070393,0.03641785203646148,0.6457441843686968,21212,0.00010532597330333602,0.003638262053502164,0.0289495291307975,0.5937168960345787,33111.0,7.357297155052679e-06,0.0002166232034977062,0.03396356916645167,0.6313358872322371
23323.0,4.131151633105475e-05,0.0011343754236162458,0.03641785203646148,0.6457441843686968,32221,8.88642189509672e-05,0.0030135515394959763,0.029488202802010133,0.5967931555591188,22122.0,0.00012743479647543422,0.0036435622042377148,0.03497533164857697,0.6373363137337262
31121.0,4.25844409799737e-05,0.0011693287384807387,0.03641785203646148,0.6457441843686968,11231,4.599190277445089e-05,0.001500110703405532,0.03065900581206485,0.6034793815685191,22333.0,2.123301326056774e-06,5.8303859434953204e-05,0.03641785203646147,0.6458914219901805
31221.0,9.672259179650888e-05,0.0026559114936177564,0.03641785203646149,0.6457441843686968,21122,0.00010513743070471546,0.003157205035401908,0.033300792797998184,0.6185661081185448,31313.0,7.888583219173122e-06,0.00021661308336568257,0.03641785203646147,0.6458914219901805
21111.0,3.8561332830718144e-05,0.00105885796867181,0.03641785203646149,0.6457441843686968,32232,0.000169094161932297,0.004905492329013542,0.034470375365218554,0.6252453644186501,31111.0,1.0251912002797511e-05,0.0002815078712641624,0.03641785203646147,0.6458914219901805
12213.0,3.694482745050897e-05,0.001014470249742348,0.03641785203646149,0.6457441843686968,22332,0.00018838212395749427,0.005322323947483184,0.03539471212506263,0.6305240700865022,23213.0,9.224029611954502e-05,0.0025328318657342618,0.03641785203646148,0.6458914219901805
13332.0,5.657882762091255e-06,0.00015536014470119195,0.03641785203646149,0.6457441843686968,11321,6.13858780033755e-05,0.0017316280498547308,0.03544980575275693,0.6308386989722142,21332.0,1.4563776333751686e-05,0.0003999076145174752,0.03641785203646148,0.6458914219901805
13323.0,5.706055243624393e-05,0.0015668291578293803,0.03641785203646149,0.6457441843686968,22133,5.916556333014157e-05,0.0016246307791822848,0.03641785203646147,0.6363670211449648,22233.0,2.5520501292394486e-05,0.000700768987331911,0.03641785203646148,0.6458914219901805
12111.0,1.8706416087568006e-05,0.0005136606098799889,0.03641785203646149,0.6457441843686968,13133,4.27611206336042e-05,0.0011741801957675004,0.03641785203646147,0.6363670211449648,11122.0,3.2259430713425596e-05,0.000885813657574519,0.03641785203646149,0.6458914219901806
33232.0,5.1381275731537424e-05,0.0014108815555649624,0.036417852036461494,0.645744184368697,32213,7.888583219173122e-06,0.00021661308336568257,0.03641785203646147,0.6363670211449648,31113.0,3.190326411210313e-05,0.0008760336573437016,0.03641785203646149,0.6458914219901806
13213.0,4.97892888599755e-05,0.0013671670918462336,0.036417852036461494,0.645744184368697,31233,5.245553177658975e-05,0.0014403796172292472,0.03641785203646148,0.6363670211449649,31122.0,5.3619945248738124e-05,0.0014723533171328701,0.03641785203646149,0.6458914219901806
13221.0,1.6938447413859043e-05,0.0004651138512205579,0.036417852036461494,0.645744184368697,13112,9.224029611954502e-05,0.0025328318657342618,0.03641785203646148,0.6363670211449649,33213.0,6.345515395099927e-05,0.0017424189072839354,0.03641785203646149,0.6458914219901806
13211.0,4.25066167875743e-05,0.0011671917592782997,0.036417852036461494,0.645744184368697,11211,6.072135215124034e-05,0.0016673512784456986,0.03641785203646148,0.6363670211449649,11132.0,2.224354422543552e-05,0.0006107868251857721,0.03641785203646149,0.6458914219901806
31232.0,3.1583246172770354e-06,8.672462654071213e-05,0.036417852036461494,0.645744184368697,31332,5.625553870387104e-06,0.00015447242371007523,0.03641785203646148,0.6363670211449649,11113.0,0.00011695769573220205,0.0032115484355064164,0.03641785203646149,0.6458914219901806
31123.0,5.5554050439212286e-05,0.0015254620284466988,0.036417852036461494,0.645744184368697,31113,4.886803596328843e-05,0.001341870352879732,0.03641785203646148,0.6363670211449649,21122.0,2.0805508476780868e-05,0.0005712997146550662,0.03641785203646149,0.6458914219901806
23132.0,5.230660599955566e-05,0.001436290255317265,0.036417852036461494,0.645744184368697,32212,8.471669460476575e-05,0.0023262408370473787,0.03641785203646149,0.6363670211449649,12322.0,2.0032105012261213e-05,0.0005500627821818021,0.03641785203646149,0.6458914219901806
23123.0,5.637398842109501e-05,0.0015479767550445715,0.036417852036461494,0.645744184368697,12313,2.2449414155921022e-05,0.0006164398200488242,0.03641785203646149,0.6363670211449649,22123.0,3.519649684100561e-05,0.000966462733874775,0.03641785203646149,0.6458914219901806
23112.0,6.303832599789425e-05,0.001730973203328422,0.036417852036461494,0.645744184368697,31231,2.2136551049193e-05,0.0006078488930931436,0.03641785203646149,0.6363670211449649,13221.0,2.2205990082647132e-05,0.0006097556237093427,0.036417852036461494,0.6458914219901806
21331.0,3.4754011758123054e-06,9.54312509242099e-05,0.036417852036461494,0.645744184368697,13221,4.7760066192490234e-05,0.001311446543982686,0.03641785203646149,0.6363670211449649,22113.0,4.478644149531804e-05,0.001229793603710563,0.036417852036461494,0.6458914219901806
13121.0,1.266911753251399e-05,0.0003478820639896523,0.0364178520364615,0.6457441843686971,11132,4.167558668643256e-05,0.001144372453507336,0.03641785203646149,0.6363670211449649,11112.0,9.892635964569642e-05,0.0027164248881743906,0.036417852036461494,0.6458914219901806
22313.0,2.7079743848147702e-05,0.0007435843229039291,0.0364178520364615,0.6457441843686971,32312,5.429823572086862e-05,0.0014909785361999198,0.03641785203646149,0.6363670211449649,12223.0,1.1992514290462694e-05,0.00032930317467531607,0.036417852036461494,0.6458914219901806
11123.0,3.0184065652808447e-05,0.000828826082949324,0.0364178520364615,0.6457441843686971,33213,1.7477436070527404e-05,0.0004799139733180592,0.03641785203646149,0.6363670211449649,21221.0,1.3459392096359425e-05,0.00036958226099891625,0.036417852036461494,0.6458914219901806
12311.0,2.4405371763447074e-05,0.000670148578203142,0.0364178520364615,0.6457441843686971,13231,2.3805550942065583e-05,0.0006536780620183615,0.03641785203646149,0.6363670211449649,22111.0,4.7160053749480794e-05,0.0012949707660480422,0.036417852036461494,0.6458914219901806
13223.0,2.114690175553481e-05,0.0005806740533286412,0.0364178520364615,0.6457441843686971,11113,8.278486421416929e-05,0.0022731945896008704,0.03641785203646149,0.6363670211449649,31332.0,1.1861995547795052e-05,0.00032571925263244077,0.03641785203646151,0.6458914219901806
21321.0,7.889122449054853e-05,0.002166278901115935,0.0364178520364615,0.6457441843686971,33132,3.6348090478880253e-06,9.980844131743029e-05,0.03641785203646149,0.6363670211449649,32213.0,8.709847388657813e-05,0.0023678463674695334,0.03678383660493075,0.6480619546424351
23322.0,0.00013283144226848616,0.003475563223458714,0.03821868103906873,0.6595593420032423,23221,5.631023954636657e-05,0.0015462262708407092,0.03641785203646149,0.6363670211449649,31212.0,0.00015501590545788618,0.004168820136717456,0.03718459908897539,0.6504387435356275
32221.0,0.00014370701347059736,0.00354117904706443,0.04058168524117066,0.6776872572555328,23131,7.969424873407701e-05,0.0021883291923501494,0.03641785203646149,0.6363670211449649,23233.0,0.00011370666235092893,0.002845709897728031,0.03995722207724354,0.6668822475707791
22133.0,5.9288104826058883e-05,0.0014521439080412157,0.04082798164682734,0.6795767335267627,31323,5.879336582836115e-06,0.0001614410585486957,0.03641785203646149,0.6363670211449649,12232.0,0.0001072048358306075,0.00262209047183413,0.04088525433511019,0.6723860979830247
22111.0,0.00011502621645545997,0.002755617219349014,0.04174245089186724,0.6865921340749986,31313,4.9530445436652754e-05,0.001360059494641885,0.03641785203646149,0.6363670211449649,32133.0,0.00011667189180170653,0.002835076427395045,0.04115299703186776,0.6739739907954064
11233.0,7.423805472472394e-05,0.0017774279089538974,0.04176712560365761,0.6867814274684733,31311,7.730238318117349e-05,0.0021226508115794003,0.03641785203646149,0.6363670211449649,12333.0,0.00019325548948199287,0.004682827873807828,0.04126897137580411,0.67466179602553
21112.0,0.00012265272580557754,0.0029043462801547977,0.04223075142370431,0.6903381581620133,21312,8.039127095572107e-05,0.0022074687676591547,0.03641785203646149,0.6363670211449649,13323.0,3.814229698891131e-05,0.0008960220249889889,0.04256848149394546,0.6823687579752054
12323.0,5.623743346170133e-05,0.0013297846924177987,0.042290630793358805,0.6907975260029556,13123,7.346700522273357e-05,0.002017334936425645,0.03641785203646149,0.6363670211449649,31213.0,0.0001022593837370285,0.0023679480220981895,0.04318480928750226,0.6860239929650362
22212.0,0.00017564140623745967,0.00411969516845529,0.04263456373722857,0.6934360262872108,22312,3.8561332830718144e-05,0.00105885796867181,0.03641785203646149,0.6363670211449649,22133.0,0.00013582373394377582,0.002945176459074888,0.046117350125241575,0.7034159165343975
33211.0,2.7398742580362765e-05,0.0006413970311530302,0.04271728936928261,0.6940706604726827,12133,3.519649684100561e-05,0.000966462733874775,0.03641785203646149,0.6363670211449649,12213.0,4.7475034095637136e-05,0.0010174942799380793,0.046658772468505944,0.7066269122319229
22223.0,0.00029689977747442755,0.006937704984029481,0.042795099843231654,0.6946675877554334,32131,1.9750122545107727e-05,0.0005423198085744853,0.036417852036461494,0.6363670211449649,22322.0,0.00019823679982296607,0.004194633673208456,0.04725962152288156,0.7101903479719958
21212.0,0.00016336431762255975,0.0037529448008406102,0.04352963507109625,0.7003026147049017,21213,4.478644149531804e-05,0.001229793603710563,0.036417852036461494,0.6363670211449649,13332.0,0.00020964758892014378,0.004427495904792065,0.04735127788446589,0.7107339313433869
33223.0,0.00019232117358091593,0.004391607853472373,0.043792884063828856,0.7023221436698788,31223,3.630968921955143e-05,0.0009970299506735934,0.036417852036461494,0.6363670211449649,21132.0,0.00015116613215953724,0.003161093732036591,0.047820831956838485,0.7135187002486622
23331.0,0.00011283316169740058,0.0025723773990055762,0.043863377800247884,0.7028629402027351,31133,3.362616381002545e-05,0.0009233428642732415,0.036417852036461494,0.6363670211449649,12133.0,7.093807679390342e-05,0.0014753267902906447,0.04808295847452778,0.7150732853724178
33312.0,0.00012690740930718124,0.0028476628096300244,0.04456546220220131,0.7082490188763345,13213,6.422617017949404e-05,0.001763590288498918,0.036417852036461494,0.6363670211449649,22112.0,7.928457628256393e-05,0.0016397791591968014,0.048350764697728685,0.7166615549389892
32333.0,3.241176147351233e-05,0.0006933840192671043,0.0467443156647467,0.7249642117147764,12113,8.124696166724887e-05,0.0022309652306210853,0.036417852036461494,0.6363670211449649,33112.0,9.897518010091394e-05,0.0019824793652856443,0.049924948442857144,0.7259975147411758
11222.0,0.00012994659742590674,0.0027339783666361145,0.047530221530535724,0.7309933313069586,33311,4.005104111493678e-05,0.0010997639584794223,0.036417852036461494,0.6363670211449649,23121.0,9.381003118905265e-05,0.0018699329635191763,0.05016759050682975,0.7274365440556242
32232.0,0.00021876931958058756,0.004458174857654275,0.049071498217478124,0.742817319235702,32133,2.8291558161996688e-05,0.0007768596053845028,0.036417852036461494,0.6363670211449649,11332.0,5.6992634943937216e-05,0.001114460328663892,0.05113922270545489,0.733198971203628
22231.0,5.882425791941429e-05,0.0011889499345822205,0.04947580735608036,0.7459189987815059,11332,2.4303048106750687e-05,0.0006673388667299355,0.036417852036461494,0.6363670211449649,31132.0,7.509351091070635e-05,0.0014628287791654405,0.051334450060210056,0.7343567996603897
32322.0,9.391238066868275e-05,0.0018464269581965219,0.050861681937535555,0.7565508110062052,22222,7.603419663436294e-05,0.002017098574063455,0.03769483435863607,0.6436596163490624,33232.0,0.00017738149790027,0.003455266624128202,0.051336558707687316,0.734369305346683
32123.0,4.987734989241627e-05,0.000976556950073748,0.05107469655369266,0.7581849642192044,23312,6.064022131303474e-05,0.001582218914386595,0.03832606269692089,0.6472644373967239,23313.0,0.0001716557117325902,0.0033398470724934435,0.05139627893334544,0.7347234861263076
12222.0,0.0002465807338636341,0.004804457184514669,0.051323328399801915,0.760092356948883,22223,0.00010976503689617053,0.0028609983282519504,0.03836599127383489,0.6474924616563029,12113.0,5.794693228280723e-05,0.001126698612084339,0.051430730153832496,0.7349278048474217
12332.0,6.055690845479529e-05,0.0011759459676566918,0.051496335818445024,0.7614195927702962,23232,0.00014119402416410196,0.0036386203393189583,0.03880427497157598,0.6499954137619656,33133.0,6.163161921147953e-05,0.0011969852988224267,0.051489036057595396,0.7352735977546634
31233.0,0.00010342963433967702,0.00200756771033392,0.05151987343055717,0.7616001628417464,22323,0.0001542569772878262,0.0038038445950529243,0.040552912568627156,0.6599815395935625,12323.0,0.00014732881940921638,0.0027891003481096224,0.05282306156860649,0.743185259010494
33321.0,8.813385045592181e-05,0.0016202956636743118,0.05439368408606517,0.7836467575823897,11223,0.00011456137651336015,0.0027892173171610757,0.04107294752850708,0.6629513570988865,33233.0,0.0001802628485163769,0.0033830065422874077,0.05328480635881148,0.7459237136626674
12123.0,0.00014137465416245542,0.0025293639148008863,0.055893362491329986,0.7951516220308527,11112,0.00011449768536402668,0.0027493087778128183,0.041645989816798255,0.6662238890445292,11233.0,0.000262719189745456,0.004763329745065193,0.05515452504996803,0.7570123928566012
21232.0,0.00018446262403044782,0.003191305845928435,0.057801612548603214,0.8097908661285387,32111,4.6214287388934456e-05,0.001074387731093227,0.043014533814445005,0.6740393749917739,33221.0,2.5044637148090516e-05,0.0004477384205674194,0.05593586790329813,0.7616462772382623
21322.0,7.793518546713578e-05,0.0012648391485745004,0.06161667715216621,0.8390583417233284,21323,6.48022496825233e-05,0.0014305888141840214,0.04529760685951202,0.6870775566877488,21213.0,0.00014802335074610005,0.0026189497026280328,0.05652011972492764,0.7651112803155508
33122.0,0.00018954785293363326,0.003064623618753463,0.06185028783754266,0.8408504988014947,32323,0.00016165394042860743,0.003549458757804453,0.045543264891630915,0.6884804614545333,31123.0,0.00018499683949504592,0.0032728919676406087,0.05652396758711473,0.7651341007053648
12322.0,0.0001639378804222667,0.0026361256152325242,0.062188948612680685,0.8434485533565887,11111,9.836590616488155e-05,0.002108000304330264,0.046663136605254674,0.6948758288344591,13333.0,0.00012985905171749592,0.0022246024474887735,0.058374048749288386,0.7761063162515409
22321.0,0.00021880592300701536,0.0032166382320415903,0.0680231680477602,0.8882060850564101,32222,0.00020672221042368204,0.0043875298903634195,0.04711585233361435,0.6974611994320985,22323.0,6.620048308704107e-05,0.0011222072092585795,0.058991318662779256,0.7797671386411024
32132.0,0.00012649180523045635,0.0018186695532249036,0.06955183529968838,0.899933339018657,12123,9.147878916631154e-05,0.0019397207611882863,0.04716080324379836,0.6977179052504449,23223.0,0.00024580036351192657,0.004096280117679999,0.0600057506934218,0.7857833973462488
23222.0,0.0005199036410604439,0.006351211068070259,0.08185897704993302,0.9943482462997821,11212,0.00010693128823223866,0.0021604561285763135,0.04949477419044084,0.7110467548644344,32333.0,0.00014492042296430628,0.0023601923116805122,0.061401955360628875,0.7940638224802328
22222.0,0.0009281463563060292,0.011237224686468256,0.08259569263785327,1.0,22331,0.00011636682903130658,0.00233959524239349,0.04973801746675597,0.7124358694351545,31223.0,4.013507161560592e-05,0.000653298564172341,0.061434501492365505,0.7942568427541051
,,,,,13233,3.682057938064383e-05,0.000726520912698576,0.0506806875577444,0.7178192731559528,23221.0,0.000178863262551247,0.0028991397338585085,0.06169528859279756,0.7958034842399525
,,,,,21333,6.789587535951386e-05,0.0013287681702364243,0.05109685562940097,0.7201959272652229,32122.0,0.0001399145581614504,0.0022296408958332376,0.06275205950111666,0.8020708407354818
,,,,,11123,9.573993671238126e-05,0.0018577137523135927,0.0515364310530333,0.7227062561637164,23112.0,0.00020069891638107892,0.0031894966612717617,0.0629249495125834,0.8030961938445125
,,,,,11222,0.00015962260749466167,0.0030938854888702162,0.05159292678054175,0.7230288921660523,23333.0,0.00028158237265143,0.004290366551995119,0.06563130894270275,0.8191467107730819
,,,,,12233,9.276450186072562e-05,0.001782943227076939,0.05202885905279729,0.725518415742658,31112.0,0.00012152234282255259,0.0017265382367353413,0.07038497047846186,0.8473390950156382
,,,,,22123,0.0002041310771634595,0.003923339819248067,0.05202992515763841,0.7255245040579903,21212.0,0.00046818394416873625,0.006556492232765772,0.07140768684648298,0.8534044853682137
,,,,,22311,0.00012815599449722776,0.002454647300066512,0.0522095351514473,0.7265502214518131,11133.0,0.00013105711952295188,0.0018314549107414956,0.07155902051112532,0.8543019949595756
,,,,,11233,0.00016443087195308913,0.003052514931469826,0.05386734402439549,0.7360176422815586,21113.0,0.0002601544248340339,0.0035381194642541613,0.07352901095126664,0.865985352519814
,,,,,33232,0.00031173378000854323,0.005755310968918278,0.05416454153252022,0.737714878871905,21112.0,0.0003871486674242982,0.00521908093783881,0.07417947183333282,0.8698430194958946
,,,,,21132,4.6951651972374205e-05,0.0008658543171701124,0.05422581032549119,0.7380647729135235,32323.0,0.00015967523453403877,0.0021508533210605404,0.07423808633092017,0.870190642570389
,,,,,22121,0.00019450984783186143,0.0035448462713088,0.05487116589686301,0.7417502718143301,11333.0,0.0002762001126944999,0.0036150260429015017,0.07640335350746613,0.8830321214535151
,,,,,12232,0.00023778221377333806,0.004304625831462726,0.05523876478075653,0.7438495568327385,21232.0,0.0004809234781649851,0.00604230257987162,0.07959274991740041,0.9019473699234164
,,,,,12212,0.00027969867568771204,0.004951860204550008,0.0564835565088674,0.7509583178773417,12112.0,0.00025079702690607424,0.003132405031259283,0.08006532501489737,0.9047500555231119
,,,,,23323,0.00035736553265567006,0.006107059854177014,0.058516788960442996,0.7625697090201149,12123.0,0.0003814038410999052,0.004750369631271151,0.08028929761363547,0.9060783624536598
,,,,,32123,8.84918042543937e-05,0.0014968581244782441,0.05911836453120035,0.7660051889371248,21233.0,0.00026776218017037455,0.0031766220205253276,0.08429148272607324,0.9298139901694573
,,,,,11133,6.37969383416082e-05,0.0010520196967365042,0.060642342096364,0.7747083254566178,21123.0,0.00031077541558544096,0.003624431619269739,0.08574459342346674,0.9384319060264694
,,,,,21223,0.00011919546338821476,0.0019567088376882522,0.06091630041853232,0.7762728476208441,32123.0,0.00017966917888202064,0.002091106496259725,0.08592062585209669,0.9394758957656955
,,,,,21321,0.00010270851619463012,0.001670134727737913,0.061497144205690524,0.7795899323940669,32113.0,0.00030471678426746365,0.003491497991596303,0.08727393943828334,0.947501948175073
,,,,,12213,0.00010142839316450154,0.0016480614775236078,0.06154405921610932,0.7798578548030456,23323.0,0.0003446457790815706,0.00393726109238528,0.08753439789607058,0.9490466405907879
,,,,,21112,0.0001509314375657968,0.002440351069744009,0.061848247752988014,0.781595015785357,11123.0,0.00023772028659288676,0.0024730096483230432,0.09612590341250214,1.0
,,,,,11122,0.00018042536710262814,0.0028900359546934983,0.06243014617503715,0.7849181233712796,,,,,
,,,,,12122,0.0001451930460897769,0.002275067569702253,0.06381922366762008,0.792850872074707,,,,,
,,,,,11221,0.00012617511480544013,0.001953174001722583,0.06460003803765625,0.7973099495664923,,,,,
,,,,,13332,0.0002056116058892024,0.0031605962950167618,0.06505468800725528,0.7999063662359063,,,,,
,,,,,21123,0.00013660612619698353,0.0020553209643317926,0.06646461967140771,0.8079582090167788,,,,,
,,,,,32322,0.00022086517525965135,0.0033133137740930635,0.06665990314186516,0.809073434556998,,,,,
,,,,,33323,0.00019688933273835432,0.0029387539202240724,0.06699755681596573,0.8110017083644211,,,,,
,,,,,11333,0.00011670242556365969,0.0017129778928112677,0.06812838977865181,0.817459673284622,,,,,
,,,,,23333,0.00015968103800250973,0.002245684053226834,0.0711057451617307,0.8344627650349923,,,,,
,,,,,13212,0.0003036564624981781,0.00426838004856834,0.07114091506449331,0.83466361344124,,,,,
,,,,,21233,0.0002569746239756551,0.0035731480867996455,0.07191826863403779,0.8391029269812227,,,,,
,,,,,12223,0.0001562656598211323,0.001907367494324272,0.08192740008736121,0.8962631106158633,,,,,
,,,,,12332,0.0003905942568076186,0.0039023358323600115,0.10009242504671857,1.0,,,,,
