symbol,equity,test_year,price,lowT,highT,trades,in_days,t-val,p-val,exp_ret,volatility,years,sharpe,beat
ENTG,ENTEGRIS INC,2017,30.3156608,0.35625,0.7,8,188,-0.715666513,0.47554331,71.25264957,0.189958011,0.98630137,3.618813942,58.53491641
ENTG,ENTEGRIS INC,2018,27.66507798,0.3125,0.725,4,187,1.502346779,0.135509679,-1.254613965,0.236548062,0.994520548,-0.201292135,-5.167195066
ENTG,ENTEGRIS INC,2019,48.4425,0.29375,0.725,6,126,1.499220829,0.135944555,67.91041556,0.18574465,0.791780822,4.429156363,44.59293667
JBSS,SANFILIPPO JOHN B&SON,2017,59.57803224,0.2875,0.6375,5,141,0.657638832,0.511526333,7.095993584,0.140648376,0.98630137,0.262679823,-0.664858406
JBSS,SANFILIPPO JOHN B&SON,2018,53.94618656,0.45625,0.65,5,157,2.179767633,0.030542531,13.41625335,0.207074554,0.994520548,0.48244325,9.46250443
JBSS,SANFILIPPO JOHN B&SON,2019,95.715,0.26875,0.70625,5,87,0.189007348,0.850354277,38.1920569,0.101616625,0.791780822,4.402394057,16.71823273
TMHC,TAYLOR MORRISON HOME CORP,2017,24.475,0.25625,0.58125,4,132,1.529480489,0.127617535,26.52428268,0.164137436,0.98630137,1.425188312,15.27484757
TMHC,TAYLOR MORRISON HOME CORP,2018,15.9436,0.20625,0.69375,4,108,0.446578868,0.655631076,-7.024662436,0.150504216,0.994520548,-0.701865112,-13.1348813
TMHC,TAYLOR MORRISON HOME CORP,2019,27.6325,0.25625,0.7,5,127,0.470858076,0.638455816,43.70050968,0.169487942,0.791780822,3.049932907,27.50536104
FAF,FIRST AMERICAN FINANCIAL CP,2017,53.27003217,0.35625,0.6625,7,122,1.078989185,0.281762041,35.36042072,0.088811274,0.98630137,3.642728701,26.55355858
FAF,FIRST AMERICAN FINANCIAL CP,2018,43.81876349,0.2,0.625,3,55,2.72498305,0.007561035,14.75353693,0.06736726,0.994520548,1.682541875,12.67478519
FAF,FIRST AMERICAN FINANCIAL CP,2019,59.7675,0.2875,0.68125,9,93,2.678554109,0.008066341,38.01904012,0.087825964,0.791780822,5.068788858,21.37827825
PRFT,PERFICIENT INC,2017,19.1975,0.2625,0.675,3,49,-0.538357795,0.591556826,-0.107005273,0.077259593,0.98630137,-0.467060636,-1.867317633
PRFT,PERFICIENT INC,2018,22.14625,0.2125,0.7625,4,45,1.356125182,0.178670846,14.5865361,0.062848898,0.994520548,1.776785748,7.779552619
PRFT,PERFICIENT INC,2019,38.2525,0.33125,0.75,5,136,-0.078246729,0.937772114,54.59902735,0.161266581,0.791780822,4.058946908,39.90793554
WRB,BERKLEY (W R) CORP,2017,45.93828871,0.4125,0.58125,6,179,1.171948503,0.24350968,9.22087252,0.099388765,0.98630137,0.588491084,-3.42645018
WRB,BERKLEY (W R) CORP,2018,48.32384734,0.175,0.5125,3,198,1.411792172,0.161391404,14.38954207,0.114187716,0.994520548,0.960595735,15.38557417
WRB,BERKLEY (W R) CORP,2019,70.9425,0.2625,0.6375,6,138,1.953742346,0.052984452,43.98560867,0.095098739,0.791780822,5.473548758,21.64170658
EME,EMCOR GROUP INC,2017,81.59367856,0.3375,0.7125,7,87,0.04157428,0.966888932,6.638914404,0.123192235,0.98630137,0.26228289,-2.704104496
EME,EMCOR GROUP INC,2018,59.11645847,0.25625,0.7125,2,165,1.428194013,0.15507159,-7.652081118,0.13390607,0.994520548,-0.835977138,-7.339589747
EME,EMCOR GROUP INC,2019,88.7725,0.2875,0.84375,5,110,-0.407346872,0.684254578,24.44409726,0.135123774,0.791780822,2.025720713,17.16368
APO,APOLLO GLOBAL MGMT INC,2017,29.74041895,0.28125,0.69375,6,172,-0.541058682,0.589244511,34.04197731,0.158739147,0.98630137,1.953820663,22.31216725
APO,APOLLO GLOBAL MGMT INC,2018,23.1446064,0.4875,0.74375,10,110,4.396459719,1.72E-05,47.24739356,0.157984607,0.994520548,2.785569469,44.02142214
APO,APOLLO GLOBAL MGMT INC,2019,39.92,0.225,0.7375,3,184,-0.353282321,0.726080833,61.28853273,0.240951286,0.791780822,3.067256195,43.48770773
ACGL,ARCH CAPITAL GROUP LTD,2017,30.30628339,0.25625,0.625,8,103,2.845854755,0.004966757,18.111535,0.058355265,0.98630137,2.546999657,9.737187285
ACGL,ARCH CAPITAL GROUP LTD,2018,26.53125,0.2125,0.7125,2,180,1.160623836,0.247773016,-0.375732236,0.135178513,0.994520548,-0.286865294,-4.27538762
ACGL,ARCH CAPITAL GROUP LTD,2019,42.1225,0.2375,0.73125,8,54,-0.465245503,0.642807244,24.55147939,0.064293265,0.791780822,4.278507846,14.02721341
TER,TERADYNE INC,2017,41.63038545,0.34375,0.575,7,196,0.916625794,0.361608274,64.03565599,0.168962609,0.98630137,3.635422082,51.43983275
TER,TERADYNE INC,2018,31.22598942,0.26875,0.68125,4,129,0.670385075,0.503256747,-7.955094239,0.247087122,0.994520548,-0.465379332,-10.78098824
TER,TERADYNE INC,2019,59.5525,0.44375,0.525,5,171,0.631170189,0.531337518,77.12871092,0.304354608,0.791780822,3.085601179,65.26064325
TREX,TREX CO INC,2017,54.6375,0.46875,0.7,8,213,-0.783642112,0.436401165,54.4090553,0.255684885,0.98630137,2.020641015,41.85284215
TREX,TREX CO INC,2018,58.737125,0.15625,0.8125,2,4,3.149677638,0.027383778,10.32879196,0.05519598,0.994520548,1.247500246,9.069828953
TREX,TREX CO INC,2019,90.32,0.50625,0.6625,12,107,2.27612433,0.024007498,46.33704248,0.250476279,0.791780822,2.19671749,36.46525377
TXN,TEXAS INSTRUMENTS INC,2017,99.9477904,0.425,0.725,5,228,-0.179919756,0.858041925,38.11108234,0.116783505,0.98630137,3.009021098,21.8177898
TXN,TEXAS INSTRUMENTS INC,2018,92.59324874,0.40625,0.6375,3,217,0.385112705,0.70147685,-6.481534016,0.204126621,0.994520548,-0.490736822,-9.815016153
TXN,TEXAS INSTRUMENTS INC,2019,129.555,0.3125,0.70625,6,67,-0.002951575,0.997649804,8.159224948,0.116032328,0.791780822,0.586466166,2.934895295
WCN,WASTE CONNECTIONS INC,2017,70.16247797,0.325,0.7625,4,155,1.514161306,0.131720312,31.28888066,0.078467611,0.98630137,3.596827779,16.18326661
WCN,WASTE CONNECTIONS INC,2018,73.83032039,0.3875,0.64375,3,130,1.700520765,0.090447137,20.60155673,0.078197925,0.994520548,2.201473226,13.80565245
WCN,WASTE CONNECTIONS INC,2019,93.2125,0.35,0.74375,4,29,3.174923919,0.002504536,16.98068002,0.044088645,0.791780822,4.070478346,8.414637986
FSS,FEDERAL SIGNAL CORP,2017,19.73310692,0.25625,0.70625,10,75,-3.151523976,0.001976497,-0.006007694,0.109686483,0.98630137,-0.319646599,-5.066440059
FSS,FEDERAL SIGNAL CORP,2018,19.56979741,0.39375,0.8125,8,130,1.482205534,0.139608009,12.07060865,0.190171209,0.994520548,0.454175657,7.417681012
FSS,FEDERAL SIGNAL CORP,2019,33.18,0.40625,0.75,10,79,-0.885449903,0.377767315,40.43148966,0.118973186,0.791780822,3.997874962,26.19713843
PEP,PEPSICO INC,2017,113.4379417,0.3375,0.6625,12,129,0.401578351,0.688353926,10.72167207,0.057636044,0.98630137,1.278815068,1.06149937
PEP,PEPSICO INC,2018,107.9380764,0.21875,0.7,3,110,1.461364484,0.145362353,2.500956482,0.092592663,0.994520548,-0.106408446,16.03062006
PEP,PEPSICO INC,2019,136.78,0.425,0.6125,9,63,1.795115432,0.075099234,18.79444319,0.06133891,0.791780822,3.299198899,12.46853155
SAIA,SAIA INC,2017,71.425,0.2375,0.725,8,164,0.793251945,0.428737835,35.28652065,0.177464298,0.98630137,1.818766455,22.18417674
SAIA,SAIA INC,2018,55.6179,0.25625,0.7,5,46,1.997406116,0.048813437,11.28688876,0.107290474,0.994520548,0.731572447,6.738262262
SAIA,SAIA INC,2019,98.15,0.29375,0.725,5,148,0.634141404,0.527356117,54.15090151,0.236974755,0.791780822,2.738320251,42.16990477
UPS,UNITED PARCEL SERVICE INC,2017,112.5616637,0.35,0.61875,5,221,-1.088098755,0.28269423,3.354872895,0.124729412,0.98630137,-0.007899632,-12.72609942
UPS,UNITED PARCEL SERVICE INC,2018,94.53720429,0.25,0.7125,6,102,0.306332879,0.759681001,-0.331623482,0.131351637,0.994520548,-0.291846428,-1.51154184
UPS,UNITED PARCEL SERVICE INC,2019,117.865,0.3,0.64375,5,141,3.145819995,0.002098942,56.33439497,0.169550189,0.791780822,3.989908643,28.51914244
BRC,BRADY CORP,2017,36.68691227,0.375,0.71875,7,186,-1.992926087,0.048630567,-4.897047032,0.122189492,0.98630137,-0.692781468,-16.31676204
BRC,BRADY CORP,2018,42.31384699,0.30625,0.75625,6,169,2.827739699,0.005289306,43.17609266,0.150469871,0.994520548,2.652622559,32.02282105
BRC,BRADY CORP,2019,55.29,0.34375,0.7875,6,107,0.574831988,0.566129523,22.77643962,0.108023265,0.791780822,2.338949073,1.177774373
CNS,COHEN & STEERS INC,2017,41.97869317,0.26875,0.7,4,185,2.124242864,0.035584046,51.85237616,0.131524629,0.98630137,3.73105391,39.15932499
CNS,COHEN & STEERS INC,2018,33.47264303,0.41875,0.675,9,154,3.354788391,0.000975853,26.99265194,0.124911674,0.994520548,1.892647108,19.5213052
CNS,COHEN & STEERS INC,2019,61.8275,0.54375,0.6,6,140,1.467486307,0.144890408,79.88090908,0.159917131,0.791780822,6.089882478,68.13558055
FNF,FIDELITY NATL FINL FNF GROUP,2017,37.20103415,0.36875,0.76875,4,58,-1.018319008,0.310702478,6.98323367,0.062562766,0.98630137,0.572260991,4.025641033
FNF,FIDELITY NATL FINL FNF GROUP,2018,30.54585522,0.45625,0.65,6,182,0.252989274,0.800660235,-12.45521641,0.148094501,0.994520548,-1.082001024,-6.108273115
FNF,FIDELITY NATL FINL FNF GROUP,2019,45.2375,0.21875,0.75625,3,188,-0.780911642,0.442329173,43.74843428,0.129776218,0.791780822,3.987881117,25.32461526
ALG,ALAMO GROUP INC,2017,112.3970727,0.375,0.7375,9,82,1.681085937,0.094673808,36.75124217,0.105229176,0.98630137,3.208394996,27.35227298
ALG,ALAMO GROUP INC,2018,76.52674199,0.45,0.69375,5,85,-0.503184176,0.615583358,-9.801597373,0.14462868,0.994520548,-0.923440683,-13.28403592
ALG,ALAMO GROUP INC,2019,119.085,0.38125,0.74375,4,140,2.781985826,0.00626224,70.10698633,0.156918387,0.791780822,5.419595948,48.84787802
CCMP,CABOT MICROELECTRONICS CORP,2017,92.28836525,0.4125,0.66875,12,105,-0.140450942,0.888456361,26.37165126,0.136962889,0.98630137,1.696658437,17.31203581
CCMP,CABOT MICROELECTRONICS CORP,2018,93.84485531,0.4,0.75625,5,204,0.577497501,0.56503481,17.42456784,0.213252953,0.994520548,0.657461984,14.58073027
CCMP,CABOT MICROELECTRONICS CORP,2019,145.745,0.3,0.74375,3,165,-0.310548521,0.757115855,34.92327072,0.229338974,0.791780822,1.7706212,28.27949256
MTH,MERITAGE HOMES CORP,2017,51.525,0.2875,0.75,6,110,3.837812742,0.000162279,56.1922465,0.139186714,0.98630137,3.841795881,46.59059763
MTH,MERITAGE HOMES CORP,2018,36.559925,0.2875,0.5875,5,125,0.350098194,0.726567634,-4.588174826,0.194879638,0.994520548,-0.416331542,-14.03788649
MTH,MERITAGE HOMES CORP,2019,74.7375,0.38125,0.6625,7,136,-0.010980039,0.991261328,78.97268122,0.224844109,0.791780822,4.280324883,64.57217942
AQN,ALGONQUIN POWER & UTIL CORP,2017,10.28869664,0.36875,0.75625,11,115,-1.042702465,0.298210596,20.4476891,0.097814652,0.98630137,1.76166704,11.36951138
AQN,ALGONQUIN POWER & UTIL CORP,2018,9.698913184,0.31875,0.7375,5,91,1.855002675,0.065232388,2.410525838,0.083953187,0.994520548,-0.128189657,1.133551248
AQN,ALGONQUIN POWER & UTIL CORP,2019,13.6075,0.24375,0.56875,7,163,-0.189557425,0.850195002,36.26709092,0.074165787,0.791780822,5.704039454,30.59237513
SAFT,SAFETY INSURANCE GROUP INC,2017,75.78972313,0.24375,0.6875,4,95,0.960935278,0.33781926,11.90889782,0.074183797,0.98630137,1.155818318,7.080792848
SAFT,SAFETY INSURANCE GROUP INC,2018,79.6779064,0.28125,0.675,5,102,1.246895103,0.213908482,16.29913617,0.087378125,0.994520548,1.475076121,10.54016801
SAFT,SAFETY INSURANCE GROUP INC,2019,99.44,0.29375,0.55625,1,106,0.395794092,0.692706591,19.66085508,0.09687206,0.791780822,2.201995482,8.608248205
CBU,COMMUNITY BANK SYSTEM INC,2017,51.95123313,0.2625,0.68125,5,139,0.208498592,0.835039657,-3.634388173,0.129040682,0.98630137,-0.556790749,-11.15710656
CBU,COMMUNITY BANK SYSTEM INC,2018,56.95586974,0.3125,0.70625,2,110,1.481594577,0.140076273,27.61282596,0.090226231,0.994520548,2.689346826,22.67716013
CBU,COMMUNITY BANK SYSTEM INC,2019,63.2975,0.26875,0.675,5,91,1.013103258,0.312371638,18.90400954,0.117883487,0.791780822,1.728427511,2.999196562
AWR,AMERICAN STATES WATER CO,2017,56.28660323,0.3875,0.6,9,197,1.454238392,0.14883769,33.19714133,0.130408941,0.98630137,2.31258781,20.40454495
AWR,AMERICAN STATES WATER CO,2018,66.07495202,0.33125,0.70625,5,173,0.216757269,0.82868841,16.42125234,0.137951157,0.994520548,0.943212646,21.68509768
AWR,AMERICAN STATES WATER CO,2019,94.43,0.25,0.68125,4,60,2.814471009,0.005751447,33.19576018,0.071998215,0.791780822,5.336999119,35.80370328
ETN,EATON CORP PLC,2017,74.37347361,0.34375,0.6875,6,200,-0.894388082,0.373407264,11.18049026,0.116576168,0.98630137,0.672159241,-2.673814058
ETN,EATON CORP PLC,2018,66.72548327,0.30625,0.6875,8,169,1.824153572,0.070404609,11.12126622,0.138195202,0.994520548,0.555919476,5.869303678
ETN,EATON CORP PLC,2019,82.0825,0.2125,0.63125,4,91,0.067783973,0.94603665,18.82820057,0.121962525,0.791780822,1.662769872,7.14015467
PCAR,PACCAR INC,2017,66.70833608,0.19375,0.68125,4,164,1.643707803,0.102097713,19.42031226,0.119571644,0.98630137,1.354003191,4.99933786
PCAR,PACCAR INC,2018,56.37314787,0.4375,0.7,9,120,1.974954261,0.049527335,4.004657694,0.132744794,0.994520548,0.03967929,-3.749028023
PCAR,PACCAR INC,2019,71.4075,0.23125,0.64375,4,116,-0.119130355,0.905338841,22.94876036,0.121058902,0.791780822,2.105068534,5.945848815
WM,WASTE MANAGEMENT INC,2017,83.53201665,0.4625,0.7375,6,174,0.421759465,0.673796598,20.11035708,0.07421337,0.98630137,2.275825438,9.17061421
WM,WASTE MANAGEMENT INC,2018,87.36057457,0.40625,0.65625,8,111,0.882342545,0.37861973,4.221596737,0.091684604,0.994520548,0.081241145,0.13934469
WM,WASTE MANAGEMENT INC,2019,115.995,0.33125,0.68125,7,80,1.640138063,0.102989999,22.59580623,0.073661205,0.791780822,3.399069545,0.710102997
FMC,FMC CORP,2017,80.32957864,0.4125,0.75,7,166,2.0073202,0.046550127,48.31005811,0.191854013,0.98630137,2.370606197,36.91952944
FMC,FMC CORP,2018,63.01679206,0.475,0.7,6,190,0.99563596,0.321453585,-8.451970319,0.195499057,0.994520548,-0.6137389,-7.866964811
FMC,FMC CORP,2019,83.6425,0.24375,0.74375,4,97,1.015250444,0.311265271,25.5723828,0.133029336,0.791780822,2.164733049,12.56401141
FFIN,FIRST FINL BANKSHARES INC,2017,22.34019623,0.3,0.675,3,88,-0.711557203,0.477715733,-1.325862655,0.129686554,0.98630137,-0.373537369,-4.349741039
FFIN,FIRST FINL BANKSHARES INC,2018,28.33587168,0.25,0.69375,3,112,2.194010213,0.029299455,29.62348383,0.111747247,0.994520548,2.352335239,24.33649745
FFIN,FIRST FINL BANKSHARES INC,2019,34.335,0.2625,0.675,6,51,1.256140743,0.212006885,12.02247956,0.086312743,0.791780822,1.353693566,2.202652248
CBU,COMMUNITY BANK SYSTEM INC,2017,51.95123313,0.2625,0.68125,5,139,0.892926366,0.372915509,-3.634388173,0.129040682,0.98630137,-0.556790749,-11.15710656
CBU,COMMUNITY BANK SYSTEM INC,2018,56.95586974,0.3125,0.70625,2,110,1.809942887,0.071858963,27.61282596,0.090226231,0.994520548,2.689346826,22.67716013
CBU,COMMUNITY BANK SYSTEM INC,2019,63.2975,0.26875,0.675,5,91,1.371610498,0.171902026,18.90400954,0.117883487,0.791780822,1.728427511,2.999196562
AWK,AMERICAN WATER WORKS CO INC,2017,88.60227273,0.3,0.7375,7,151,-0.739423254,0.460527349,9.984519292,0.074150339,0.98630137,0.893211454,1.147222646
AWK,AMERICAN WATER WORKS CO INC,2018,89.0044155,0.3125,0.6875,2,198,0.208792775,0.835117563,7.801444205,0.110019616,0.994520548,0.394877527,8.778671709
AWK,AMERICAN WATER WORKS CO INC,2019,122.375,0.33125,0.675,4,94,1.649942214,0.100649164,28.85184861,0.076268647,0.791780822,4.318837078,17.00961564
LNT,ALLIANT ENERGY CORP,2017,40.45302522,0.41875,0.675,7,163,-0.142503325,0.886849638,11.22838627,0.070349205,0.98630137,1.120742745,-2.231163594
LNT,ALLIANT ENERGY CORP,2018,41.42976382,0.275,0.65,7,104,2.712502376,0.007270297,14.78213909,0.078742996,0.994520548,1.44312307,8.841011975
LNT,ALLIANT ENERGY CORP,2019,52.7775,0.28125,0.63125,6,80,-0.814142962,0.416788488,16.41035306,0.062177651,0.791780822,2.770429267,2.206437578
GNTX,GENTEX CORP,2017,20.22451862,0.24375,0.7125,7,199,-1.044142464,0.299079647,-12.27989549,0.176891054,0.98630137,-0.901710358,-24.2256946
GNTX,GENTEX CORP,2018,19.58140974,0.33125,0.59375,6,140,-1.158873961,0.247817331,-0.975866153,0.163413635,0.994520548,-0.274226984,0.692512155
GNTX,GENTEX CORP,2019,27.8925,0.33125,0.625,7,144,-0.801457198,0.424534792,17.93221832,0.173399387,0.791780822,1.104269037,-2.087427596
HEI-A,HEICO CORP,2017,50.28433577,0.225,0.55625,4,84,1.022010811,0.308277452,20.96720163,0.098504169,0.98630137,1.802808233,17.88942672
HEI-A,HEICO CORP,2018,62.54071998,0.38125,0.75,7,195,-0.878835208,0.381684774,11.7239911,0.217849316,0.994520548,0.380473359,19.55621103
HEI-A,HEICO CORP,2019,92.4875,0.2875,0.6625,2,135,3.1626042,0.001947844,80.02945145,0.160942806,0.791780822,6.062728809,66.82686259
CSCO,CISCO SYSTEMS INC,2017,36.24977832,0.35625,0.575,7,159,2.24851886,0.025867951,42.76541392,0.097636802,0.98630137,4.082413326,26.38453841
CSCO,CISCO SYSTEMS INC,2018,42.05187297,0.31875,0.65,7,129,-0.911444687,0.362969741,15.07022235,0.151260412,0.994520548,0.770410029,7.607307564
CSCO,CISCO SYSTEMS INC,2019,46.935,0.28125,0.63125,1,119,1.240516562,0.216665829,28.63897656,0.13444492,0.791780822,2.430016229,14.61861646
KSU,KANSAS CITY SOUTHERN,2017,103.3456083,0.25625,0.51875,8,140,0.410730705,0.681674936,20.24291001,0.110869456,0.98630137,1.535505101,10.44187324
KSU,KANSAS CITY SOUTHERN,2018,94.77936276,0.30625,0.59375,8,171,-0.196122727,0.844768403,-2.873230036,0.160973307,0.994520548,-0.396901862,1.246324711
KSU,KANSAS CITY SOUTHERN,2019,143.1075,0.24375,0.69375,5,84,1.163157594,0.246436988,26.82783273,0.124312021,0.791780822,2.444084056,19.63440334
CWCO,CONSOLIDATED WATER CO INC,2017,12.11275595,0.5375,0.60625,10,138,1.227736575,0.220856402,28.47823541,0.154175068,0.98630137,1.645776245,18.10285033
CWCO,CONSOLIDATED WATER CO INC,2018,11.43314588,0.55,0.55625,9,176,-1.025119803,0.307023494,-2.191873507,0.190584329,0.994520548,-0.299287458,1.50198631
CWCO,CONSOLIDATED WATER CO INC,2019,16.205,0.24375,0.725,3,142,-0.940585295,0.349055576,20.19619744,0.128426252,0.791780822,1.713614451,11.22340371
SPXC,SPX CORP,2017,31.57545,0.275,0.675,6,155,-0.610240173,0.542432137,26.83600945,0.216189698,0.98630137,1.096663351,17.33396737
SPXC,SPX CORP,2018,27.6975,0.30625,0.63125,4,175,1.997033931,0.047742735,10.99048313,0.173157729,0.994520548,0.436078529,6.045323032
SPXC,SPX CORP,2019,40.5175,0.4375,0.775,5,113,1.323904787,0.187251953,48.86770565,0.194765655,0.791780822,2.989168117,35.23688913
LDOS,LEIDOS HOLDINGS INC,2017,62.68864288,0.33125,0.71875,7,90,-0.448634823,0.654243517,11.53202339,0.081253968,0.98630137,1.008220344,6.162790569
LDOS,LEIDOS HOLDINGS INC,2018,51.86100225,0.3125,0.7125,4,86,1.473666339,0.142459934,7.744344066,0.090922846,0.994520548,0.471500048,6.041377251
LDOS,LEIDOS HOLDINGS INC,2019,81.465,0.45,0.4875,9,151,1.957584644,0.053067819,61.21020729,0.132594504,0.791780822,5.566370162,41.09203173
GIB,CGI INC,2017,54.38375,0.21875,0.68125,2,222,-1.034569884,0.305390871,10.54791612,0.102578083,0.98630137,0.701359854,-4.47408974
GIB,CGI INC,2018,60.7112,0.28125,0.64375,5,124,-2.272374677,0.023930719,-7.915682478,0.098119475,0.994520548,-1.167892004,-8.158395187
GIB,CGI INC,2019,78.01,0.24375,0.63125,4,89,-1.491543349,0.137810219,13.14074711,0.055603899,0.791780822,2.355310619,5.686355585
ROST,ROSS STORES INC,2017,79.15769161,0.28125,0.66875,3,196,-1.374437615,0.172158814,-1.901403358,0.155384007,0.98630137,-0.349315984,-14.60266219
ROST,ROSS STORES INC,2018,81.91629019,0.35,0.75625,7,141,3.060510393,0.002532004,25.06290689,0.138648667,0.994520548,1.565178736,9.882162123
ROST,ROSS STORES INC,2019,113.5675,0.43125,0.6625,7,86,0.801174711,0.424206646,22.81582474,0.107914944,0.791780822,2.345906231,2.494541264
SAFT,SAFETY INSURANCE GROUP INC,2017,75.78972313,0.24375,0.6875,4,95,1.812579272,0.071494508,11.90889782,0.074183797,0.98630137,1.155818318,7.080792848
SAFT,SAFETY INSURANCE GROUP INC,2018,79.6779064,0.28125,0.675,5,102,1.451505559,0.148198346,16.29913617,0.087378125,0.994520548,1.475076121,10.54016801
SAFT,SAFETY INSURANCE GROUP INC,2019,99.44,0.29375,0.55625,1,106,0.855653821,0.393274825,19.66085508,0.09687206,0.791780822,2.201995482,8.608248205
BRC,BRADY CORP,2017,36.68691227,0.375,0.71875,7,186,-1.752105576,0.082760769,-4.897047032,0.122189492,0.98630137,-0.692781468,-16.31676204
BRC,BRADY CORP,2018,42.31384699,0.30625,0.75625,6,169,2.385198614,0.018292515,43.17609266,0.150469871,0.994520548,2.652622559,32.02282105
BRC,BRADY CORP,2019,55.29,0.34375,0.7875,6,107,0.861217429,0.39032556,22.77643962,0.108023265,0.791780822,2.338949073,1.177774373
CW,CURTISS-WRIGHT CORP,2017,121.6239091,0.28125,0.66875,6,122,1.13332458,0.258220171,15.67099562,0.096617949,0.98630137,1.282230518,7.048121888
CW,CURTISS-WRIGHT CORP,2018,101.0293656,0.28125,0.6375,2,132,1.094922288,0.274671415,0.443189205,0.152956899,0.994520548,-0.199688213,-2.329849968
CW,CURTISS-WRIGHT CORP,2019,126.58,0.24375,0.61875,3,96,-2.172215792,0.031098305,5.581161055,0.11591022,0.791780822,0.306174144,-0.489166822
CF,CF INDUSTRIES HOLDINGS INC,2017,40.75475927,0.2375,0.7,8,153,1.270276462,0.205510234,62.09394859,0.215415854,0.98630137,2.760073761,49.21779838
CF,CF INDUSTRIES HOLDINGS INC,2018,42.20626801,0.33125,0.7,5,161,-0.778585214,0.437390624,-0.206900071,0.257880475,0.994520548,-0.143789095,10.74109328
CF,CF INDUSTRIES HOLDINGS INC,2019,48.055,0.425,0.675,8,66,2.285353801,0.023911834,29.22975323,0.143264313,0.791780822,2.332504846,18.75100081
WST,WEST PHARMACEUTICAL SVSC INC,2017,97.9355257,0.26875,0.625,3,156,0.89376758,0.372629889,10.80270311,0.142694377,0.98630137,0.522286918,4.109732289
WST,WEST PHARMACEUTICAL SVSC INC,2018,96.99489163,0.425,0.58125,5,137,4.624527506,7.03E-06,51.19730375,0.129186995,0.994520548,3.713948325,33.69639563
WST,WEST PHARMACEUTICAL SVSC INC,2019,140.7615172,0.40625,0.5875,7,119,1.32348554,0.187726988,37.0858151,0.15485722,0.791780822,2.798609342,30.80490039
CSCO,CISCO SYSTEMS INC,2017,36.24977832,0.35625,0.575,7,159,2.02888595,0.044624805,42.76541392,0.097636802,0.98630137,4.082413326,26.38453841
CSCO,CISCO SYSTEMS INC,2018,42.05187297,0.31875,0.65,7,129,0.026806944,0.978635931,15.07022235,0.151260412,0.994520548,0.770410029,7.607307564
CSCO,CISCO SYSTEMS INC,2019,46.935,0.28125,0.63125,1,119,1.774785686,0.078067646,28.63897656,0.13444492,0.791780822,2.430016229,14.61861646
TGT,TARGET CORP,2017,61.57582572,0.2,0.7125,3,177,0.435798485,0.663832652,-17.14643514,0.212007924,0.98630137,-0.985084881,-25.69241466
TGT,TARGET CORP,2018,64.05368562,0.24375,0.71875,1,158,-1.491444144,0.137636196,-9.321845769,0.202378464,0.994520548,-0.636095639,2.37593896
TGT,TARGET CORP,2019,112.9525,0.2375,0.7375,4,73,2.800546438,0.005818519,35.04287249,0.102854387,0.791780822,3.962718605,24.36475685
GWR,GENESEE & WYOMING INC,2017,78.91,0.25,0.64375,5,201,-0.03671703,0.970787401,7.669439302,0.153358472,0.98630137,0.278821198,-5.382188158
GWR,GENESEE & WYOMING INC,2018,73.981,0.33125,0.725,10,147,0.951137264,0.342696742,20.77326595,0.134442074,0.994520548,1.293324235,6.600851785
GWR,GENESEE & WYOMING INC,2019,111.0725,0.275,0.73125,6,104,-0.293155132,0.769774301,14.46783464,0.110394255,0.791780822,1.338160642,-0.289725238
CHD,CHURCH & DWIGHT INC,2017,49.03049827,0.33125,0.68125,7,218,-0.013488812,0.989284359,13.97261069,0.119150871,0.98630137,0.895224233,-3.45719576
CHD,CHURCH & DWIGHT INC,2018,65.1986076,0.3125,0.6375,10,148,0.642151177,0.521508122,36.32299183,0.135318393,0.994520548,2.440401316,35.28900732
CHD,CHURCH & DWIGHT INC,2019,73.695,0.33125,0.7,6,149,-0.488235292,0.626435729,8.724666781,0.149845462,0.791780822,0.501786488,-9.302346584
TGT,TARGET CORP,2017,61.57582572,0.2,0.7125,3,177,-1.39709634,0.16450848,-17.14643514,0.212007924,0.98630137,-0.985084881,-25.69241466
TGT,TARGET CORP,2018,64.05368562,0.24375,0.71875,1,158,-1.22324924,0.223100027,-9.321845769,0.202378464,0.994520548,-0.636095639,2.37593896
TGT,TARGET CORP,2019,112.9525,0.2375,0.7375,4,73,1.596116625,0.112760009,35.04287249,0.102854387,0.791780822,3.962718605,24.36475685
AUDC,AUDIOCODES LTD,2017,6.88475231,0.23125,0.625,5,142,0.995375655,0.320739283,38.56238065,0.172867068,0.98630137,2.059268407,28.31400745
AUDC,AUDIOCODES LTD,2018,9.734321893,0.38125,0.66875,10,71,1.871070263,0.064261228,56.42975442,0.208646839,0.994520548,2.551711903,62.77522355
AUDC,AUDIOCODES LTD,2019,18.6825,0.36875,0.68125,9,111,0.408596162,0.68332634,67.3647738,0.289625674,0.791780822,2.816741916,50.42787453
SNPS,SYNOPSYS INC,2017,85.5475,0.33125,0.5875,9,189,-0.305400589,0.760675975,37.41708774,0.119024074,0.98630137,2.893260856,26.67470207
SNPS,SYNOPSYS INC,2018,84.0375,0.4375,0.675,8,138,-1.540200331,0.124923309,-8.371840907,0.126699296,0.994520548,-0.9406498,-7.065307487
SNPS,SYNOPSYS INC,2019,135.6975,0.3375,0.7,5,105,1.007120638,0.315208155,35.47978893,0.127301545,0.791780822,3.245059923,23.7381819
OKE,ONEOK INC,2017,48.94131022,0.33125,0.71875,4,231,-1.015164644,0.318064492,-7.475649481,0.171097186,0.98630137,-0.647554655,-25.15082377
OKE,ONEOK INC,2018,51.51448349,0.225,0.7125,3,173,2.073828348,0.0398273,28.65256764,0.130497974,0.994520548,1.939526897,21.08140137
OKE,ONEOK INC,2019,69.045,0.24375,0.63125,3,49,-0.502415748,0.616557447,16.06790527,0.081213403,0.791780822,2.067808338,5.598847886
PHM,PULTEGROUP INC,2017,32.78873892,0.3,0.55,8,90,1.7703107,0.078512007,49.90757578,0.09326496,0.98630137,5.050207144,44.16439112
PHM,PULTEGROUP INC,2018,25.63536658,0.3125,0.54375,7,114,1.16789353,0.244093332,5.428634979,0.15268466,0.994520548,0.128273843,-2.676533336
PHM,PULTEGROUP INC,2019,38.255,0.24375,0.66875,3,189,-1.167263907,0.255511754,39.91760757,0.183477202,0.791780822,2.556991878,20.89796014
MDC,MDC HOLDINGS INC,2017,29.89215821,0.45625,0.6875,8,145,0.415525092,0.678182626,37.0936068,0.158652917,0.98630137,2.149900319,23.41285281
MDC,MDC HOLDINGS INC,2018,27.27135619,0.34375,0.65,3,168,-0.245675703,0.806275012,-6.561886627,0.210549882,0.994520548,-0.479603227,-7.171732568
MDC,MDC HOLDINGS INC,2019,45.725,0.3125,0.7,6,133,-0.928196238,0.355146001,27.5887873,0.159012581,0.791780822,1.971162909,20.41550239
DHI,D R HORTON INC,2017,50.17723675,0.31875,0.69375,6,123,-0.278883034,0.780579227,35.40421573,0.101000165,0.98630137,3.207513654,27.57921201
DHI,D R HORTON INC,2018,34.16728234,0.3375,0.70625,4,72,0.00356717,0.997158866,5.129015958,0.125289465,0.994520548,0.132275687,1.0321787
DHI,D R HORTON INC,2019,53.6975,0.28125,0.6,4,95,-0.388887831,0.697799268,21.4602651,0.144014077,0.791780822,1.63899221,11.60592328
SCL,STEPAN CO,2017,77.62754847,0.35,0.7625,3,153,0.72482703,0.469482285,7.254510283,0.15560683,0.98630137,0.247756951,-4.275925076
SCL,STEPAN CO,2018,73.2043201,0.2375,0.8,2,4,0.808997998,0.455297801,2.705968444,0.01751621,0.994520548,-0.444800932,1.711308795
SCL,STEPAN CO,2019,94.9575,0.23125,0.7375,3,70,-0.441231967,0.6597356,7.328688547,0.110434117,0.791780822,0.521211765,4.556013046
ESE,ESCO TECHNOLOGIES INC,2017,60.01927057,0.5,0.58125,9,126,0.939857784,0.348331709,9.290440086,0.169932641,0.98630137,0.348342374,3.819168007
ESE,ESCO TECHNOLOGIES INC,2018,65.33065352,0.325,0.725,4,202,0.577326961,0.565070169,12.77711511,0.175200102,0.994520548,0.533533504,12.51918494
ESE,ESCO TECHNOLOGIES INC,2019,81.9125,0.33125,0.6125,6,133,0.921670384,0.358426096,32.1502272,0.15877932,0.791780822,2.336888592,16.86918283
IDA,IDACORP INC,2017,87.61019939,0.3,0.6875,5,23,2.242873593,0.030099107,8.556480375,0.025801731,0.98630137,2.005803585,7.309977478
IDA,IDACORP INC,2018,90.80872804,0.225,0.4625,4,151,2.736831024,0.006802148,26.09164381,0.099625901,0.994520548,2.282077163,18.69861558
IDA,IDACORP INC,2019,109.215,0.36875,0.41875,7,132,0.796866447,0.426898907,11.90867866,0.093085925,0.791780822,1.239754846,-0.433623192
CSL,CARLISLE COS INC,2017,111.1124438,0.2875,0.59375,6,154,0.406647983,0.684800439,8.863870605,0.119154442,0.98630137,0.460493106,-0.693097995
CSL,CARLISLE COS INC,2018,98.70254061,0.26875,0.66875,4,69,2.929430715,0.004092231,15.94027089,0.081086814,0.994520548,1.545022614,11.53749119
CSL,CARLISLE COS INC,2019,142.29,0.31875,0.61875,3,170,0.096677772,0.923295047,46.67057613,0.184827819,0.791780822,2.999754454,24.24470277
NDAQ,NASDAQ INC,2017,74.28663289,0.375,0.63125,3,74,1.854044873,0.065996758,14.68740409,0.058481994,0.98630137,1.947846698,12.83269369
NDAQ,NASDAQ INC,2018,80.06880615,0.5375,0.675,7,155,0.846872712,0.398133233,12.68529473,0.118355991,0.994520548,0.78197868,11.59132547
NDAQ,NASDAQ INC,2019,98.425,0.33125,0.7375,7,128,2.41644763,0.01692716,32.43192202,0.115761272,0.791780822,3.236033212,16.4661676
CIGI,COLLIERS INTL GROUP INC,2017,59.91179047,0.3625,0.68125,7,151,1.297320583,0.196302555,67.07461006,0.200996894,0.98630137,3.209313368,54.41168097
CIGI,COLLIERS INTL GROUP INC,2018,55.15922918,0.34375,0.6875,6,185,0.55580708,0.579320636,3.393380442,0.197455352,0.994520548,-0.004452817,11.67108292
CIGI,COLLIERS INTL GROUP INC,2019,73.6325,0.2875,0.725,5,59,1.796601221,0.075040739,31.99092274,0.10893234,0.791780822,3.387769013,17.94063723
GRMN,GARMIN LTD,2017,56.12950883,0.2375,0.79375,7,177,0.298054125,0.766109931,26.26555206,0.126964185,0.98630137,1.82180128,12.11388896
GRMN,GARMIN LTD,2018,61.9111891,0.31875,0.45625,6,168,0.436010297,0.663450813,16.9333244,0.149018736,0.994520548,0.907712769,17.23201192
GRMN,GARMIN LTD,2019,87.205,0.26875,0.76875,4,45,2.619924485,0.010473817,34.24952345,0.133635085,0.791780822,2.974991068,24.50890983
ENTG,ENTEGRIS INC,2017,30.3156608,0.35625,0.7,8,188,1.350283303,0.17940025,71.25264957,0.189958011,0.98630137,3.618813942,58.53491641
ENTG,ENTEGRIS INC,2018,27.66507798,0.3125,0.725,4,187,0.427663082,0.669642428,-1.254613965,0.236548062,0.994520548,-0.201292135,-5.167195066
ENTG,ENTEGRIS INC,2019,48.4425,0.29375,0.725,6,126,0.370514418,0.71152404,67.91041556,0.18574465,0.791780822,4.429156363,44.59293667
MSFT,MICROSOFT CORP,2017,83.27875621,0.1875,0.76875,3,90,0.289714713,0.772379817,10.61366034,0.055415363,0.98630137,1.31029952,3.523058472
MSFT,MICROSOFT CORP,2018,100.2865097,0.20625,0.675,3,107,0.877819228,0.38103971,21.44853452,0.128922485,0.994520548,1.401362085,19.14502713
MSFT,MICROSOFT CORP,2019,138.4325,0.26875,0.6875,7,117,-0.407101956,0.684494841,17.91648165,0.119806488,0.791780822,1.596581513,5.396856477
TTC,TORO CO,2017,63.95046261,0.1875,0.56875,6,143,1.721840645,0.086865803,23.55214432,0.083186105,0.98630137,2.449839127,13.83687476
TTC,TORO CO,2018,55.12627227,0.26875,0.44375,5,155,0.341798229,0.732880502,-6.449246306,0.150299303,0.994520548,-0.664326391,6.071711083
TTC,TORO CO,2019,73.785,0.26875,0.68125,5,57,1.24661561,0.215238508,24.5651071,0.08194896,0.791780822,3.358814484,8.903589783
AIN,ALBANY INTL CORP,2017,60.59827193,0.1875,0.7375,2,184,0.195503903,0.845300085,29.82788429,0.149107514,0.98630137,1.793481747,18.03560814
AIN,ALBANY INTL CORP,2018,61.54039191,0.3,0.5625,11,116,1.129910372,0.260077676,27.4099968,0.115615289,0.994520548,2.081127533,12.27888053
AIN,ALBANY INTL CORP,2019,88.51,0.5125,0.64375,9,159,1.580423548,0.117797687,37.20150942,0.20108324,0.791780822,2.162517641,21.11046325
CWT,CALIFORNIA WATER SERVICE GP,2017,44.11085526,0.44375,0.58125,14,133,2.030767192,0.043409552,34.50418765,0.116436107,0.98630137,2.703921762,20.80574205
CWT,CALIFORNIA WATER SERVICE GP,2018,46.80851972,0.3,0.6625,5,135,1.464207335,0.144536142,30.12587421,0.116914385,0.994520548,2.29157918,38.16103163
CWT,CALIFORNIA WATER SERVICE GP,2019,55,0.2625,0.7125,5,80,1.225372368,0.222279715,23.7761424,0.093747606,0.791780822,2.829799404,8.598762998
GRMN,GARMIN LTD,2017,56.12950883,0.2375,0.79375,7,177,1.006278492,0.315959809,26.26555206,0.126964185,0.98630137,1.82180128,12.11388896
GRMN,GARMIN LTD,2018,61.9111891,0.31875,0.45625,6,168,2.043726104,0.042680754,16.9333244,0.149018736,0.994520548,0.907712769,17.23201192
GRMN,GARMIN LTD,2019,87.205,0.26875,0.76875,4,45,1.910159793,0.060240204,34.24952345,0.133635085,0.791780822,2.974991068,24.50890983
MDT,MEDTRONIC PLC,2017,78.164635,0.14375,0.675,2,50,1.864034537,0.065420562,8.504501414,0.038973741,0.98630137,1.314377165,6.041323214
MDT,MEDTRONIC PLC,2018,88.98939309,0.30625,0.6875,7,56,2.410463092,0.017597659,10.79664795,0.075138571,0.994520548,0.979008988,5.397413786
MDT,MEDTRONIC PLC,2019,108.365,0.31875,0.6,3,144,-0.538909145,0.591090042,13.84733703,0.10926372,0.791780822,1.280283275,0.890624466
FCFS,FIRSTCASH INC,2017,66.37869014,0.26875,0.69375,6,92,0.8132936,0.417149368,21.9805969,0.097387424,0.98630137,1.928984488,12.43220705
FCFS,FIRSTCASH INC,2018,71.23402996,0.2,0.70625,6,141,2.300529439,0.022383343,32.42514913,0.141119497,0.994520548,2.062351467,23.7474158
FCFS,FIRSTCASH INC,2019,93.0125,0.25,0.70625,2,86,-0.031691694,0.974756285,15.96729062,0.118606981,0.791780822,1.405170347,14.26640339
NDAQ,NASDAQ INC,2017,74.28663289,0.375,0.63125,3,74,0.79379411,0.428616577,14.68740409,0.058481994,0.98630137,1.947846698,12.83269369
NDAQ,NASDAQ INC,2018,80.06880615,0.5375,0.675,7,155,0.934684257,0.351204304,12.68529473,0.118355991,0.994520548,0.78197868,11.59132547
NDAQ,NASDAQ INC,2019,98.425,0.33125,0.7375,7,128,1.95371063,0.05270875,32.43192202,0.115761272,0.791780822,3.236033212,16.4661676
HEI-A,HEICO CORP,2017,50.28433577,0.225,0.55625,4,84,0.272688122,0.785432156,20.96720163,0.098504169,0.98630137,1.802808233,17.88942672
HEI-A,HEICO CORP,2018,62.54071998,0.38125,0.75,7,195,-0.481831677,0.630940071,11.7239911,0.217849316,0.994520548,0.380473359,19.55621103
HEI-A,HEICO CORP,2019,92.4875,0.2875,0.6625,2,135,2.482996493,0.014357202,80.02945145,0.160942806,0.791780822,6.062728809,66.82686259
RSG,REPUBLIC SERVICES INC,2017,65.26580031,0.28125,0.6875,4,86,0.316189974,0.752254261,11.50879812,0.04158874,0.98630137,1.964147635,6.886930592
RSG,REPUBLIC SERVICES INC,2018,70.89869376,0.26875,0.68125,4,101,0.173334419,0.862572516,5.531587408,0.07026785,0.994520548,0.293457744,6.70479094
RSG,REPUBLIC SERVICES INC,2019,87.5025,0.3,0.65,6,64,1.978498367,0.050059855,16.43429134,0.059407518,0.791780822,2.904701712,-1.952551358
RPM,RPM INTERNATIONAL INC,2017,50.16078248,0.225,0.5,6,93,1.145587142,0.253468609,11.44357059,0.083363349,0.98630137,0.971951006,4.133272336
RPM,RPM INTERNATIONAL INC,2018,56.97257007,0.375,0.45625,9,99,2.614206933,0.009710086,30.0960597,0.146867287,0.994520548,1.822181016,28.91966496
RPM,RPM INTERNATIONAL INC,2019,69.1125,0.24375,0.5375,5,94,-0.061435864,0.951081707,7.849990514,0.115460552,0.791780822,0.555544536,2.981792616
CHEF,CHEFS' WAREHOUSE INC,2017,20.5375,0.2625,0.68125,9,175,-1.670500712,0.096990469,0.104439666,0.262208928,0.98630137,-0.129442953,-13.54117037
CHEF,CHEFS' WAREHOUSE INC,2018,31.60625,0.3125,0.68125,5,186,1.183370042,0.238935242,72.72110104,0.311897377,0.994520548,2.232201145,71.08957667
CHEF,CHEFS' WAREHOUSE INC,2019,36.9275,0.25625,0.75,7,71,-0.526540261,0.599401508,7.701220184,0.138441391,0.791780822,0.449753828,2.964710922
CBOE,CBOE GLOBAL MARKETS INC,2017,122.4090532,0.25,0.76875,7,142,1.429805608,0.154230136,44.33187486,0.071553756,0.98630137,5.792511472,35.33213409
CBOE,CBOE GLOBAL MARKETS INC,2018,95.91216977,0.3625,0.6375,3,189,-0.144273845,0.885552827,-14.09586131,0.225795795,0.994520548,-0.782721595,-11.24997284
CBOE,CBOE GLOBAL MARKETS INC,2019,116.3725,0.2375,0.525,2,42,0.403736221,0.687458522,9.143636734,0.062163639,0.791780822,1.294678337,4.155071322
NVS,NOVARTIS AG,2017,70.58682187,0.375,0.625,6,162,1.28140627,0.201737745,27.30584072,0.103812198,0.98630137,2.329696221,11.7980278
NVS,NOVARTIS AG,2018,74.39804286,0.2875,0.69375,11,109,1.522022166,0.129466412,14.2967859,0.107983498,0.994520548,1.007149816,0.368965694
NVS,NOVARTIS AG,2019,86.6775,0.2125,0.75,3,156,1.603597783,0.112318605,21.18732035,0.145991071,0.791780822,1.593184584,0.430441486
ADI,ANALOG DEVICES,2017,86.07978413,0.2125,0.79375,3,112,0.447643039,0.654913348,11.83504391,0.138549626,0.98630137,0.613456692,4.071243665
ADI,ANALOG DEVICES,2018,84.52507323,0.2,0.775,4,8,1.046405516,0.314320836,10.82227574,0.054435534,0.994520548,1.356081611,7.875777804
ADI,ANALOG DEVICES,2019,109.625,0.33125,0.625,7,158,-0.601623568,0.549082262,19.51203822,0.208604726,0.791780822,1.01355478,7.014237104
GIB,CGI INC,2017,54.38375,0.21875,0.68125,2,222,-0.201339722,0.841187032,10.54791612,0.102578083,0.98630137,0.701359854,-4.47408974
GIB,CGI INC,2018,60.7112,0.28125,0.64375,5,124,-1.325723932,0.186161167,-7.915682478,0.098119475,0.994520548,-1.167892004,-8.158395187
GIB,CGI INC,2019,78.01,0.24375,0.63125,4,89,-0.499083829,0.618401635,13.14074711,0.055603899,0.791780822,2.355310619,5.686355585
SPNS,SAPIENS INTERNATIONAL CORP,2017,11.18491341,0.25,0.8,4,80,1.141163199,0.255602785,6.368218119,0.143792866,0.98630137,0.205619769,1.470665889
SPNS,SAPIENS INTERNATIONAL CORP,2018,10.83851913,0.4,0.65625,8,86,1.540703908,0.125347493,7.654925979,0.184326501,0.994520548,0.22769932,15.12189803
SPNS,SAPIENS INTERNATIONAL CORP,2019,19.7975,0.2,0.7375,6,110,0.794227924,0.428160327,64.27934548,0.166012093,0.791780822,4.679373353,55.98456238
CCMP,CABOT MICROELECTRONICS CORP,2017,92.28836525,0.4125,0.66875,12,105,0.075164998,0.940159551,26.37165126,0.136962889,0.98630137,1.696658437,17.31203581
CCMP,CABOT MICROELECTRONICS CORP,2018,93.84485531,0.4,0.75625,5,204,1.053054719,0.295164938,17.42456784,0.213252953,0.994520548,0.657461984,14.58073027
CCMP,CABOT MICROELECTRONICS CORP,2019,145.745,0.3,0.74375,3,165,-0.536521395,0.593257484,34.92327072,0.229338974,0.791780822,1.7706212,28.27949256
TMUS,T-MOBILE US INC,2017,63.875,0.275,0.75,4,112,-1.840508864,0.067041451,6.360449103,0.097222756,0.98630137,0.303302313,-0.305174748
TMUS,T-MOBILE US INC,2018,63.2475,0.225,0.725,2,142,1.735714286,0.084138035,16.4961864,0.12748957,0.994520548,1.026521189,12.44588805
TMUS,T-MOBILE US INC,2019,81.4625,0.325,0.70625,7,99,3.279337612,0.001232333,29.35152131,0.11683104,0.791780822,2.87340251,21.78819922
NBHC,NATIONAL BANK HLDGS CORP,2017,31.7228172,0.375,0.6875,5,187,2.215133959,0.028557018,20.04885695,0.164110118,0.98630137,1.025367202,3.919631286
NBHC,NATIONAL BANK HLDGS CORP,2018,30.35627055,0.3375,0.74375,4,100,1.256519295,0.210427023,16.66310626,0.09427899,0.994520548,1.405924485,19.44135122
NBHC,NATIONAL BANK HLDGS CORP,2019,35.29,0.41875,0.675,2,184,2.168765753,0.037303374,29.23609127,0.193244353,0.791780822,1.729648218,6.11778594
MRK,MERCK & CO,2017,53.81752245,0.29375,0.725,4,65,2.929669354,0.004131017,19.48852605,0.068186577,0.98630137,2.384516229,11.34710524
MRK,MERCK & CO,2018,74.63640912,0.23125,0.6375,4,130,0.99263998,0.322031022,20.14679517,0.145576332,0.994520548,1.151134708,23.11343859
MRK,MERCK & CO,2019,84.24,0.38125,0.65,3,156,1.669482049,0.098602351,18.83413211,0.137038088,0.791780822,1.480395194,1.685902413
PGR,PROGRESSIVE CORP-OHIO,2017,53.00346289,0.3875,0.70625,8,139,0.820910076,0.4128363,33.19573853,0.063083829,0.98630137,4.780431229,23.46538981
PGR,PROGRESSIVE CORP-OHIO,2018,57.63375099,0.28125,0.68125,3,168,1.883194966,0.061752636,25.30642746,0.124199915,0.994520548,1.766978416,19.05936213
PGR,PROGRESSIVE CORP-OHIO,2019,70.84,0.38125,0.61875,5,66,0.258040231,0.796794401,9.247796631,0.109957408,0.791780822,0.743901054,7.974617921
TTEK,TETRA TECH INC,2017,47.77013544,0.41875,0.79375,7,57,1.455333302,0.14891198,16.79058913,0.095857909,0.98630137,1.410816485,10.99648472
TTEK,TETRA TECH INC,2018,51.08559551,0.4125,0.475,6,134,2.598147305,0.009991736,24.73462943,0.137301814,0.994520548,1.556491332,27.07368057
TTEK,TETRA TECH INC,2019,87.37,0.39375,0.56875,6,127,0.037339527,0.970266194,54.69371425,0.159091645,0.791780822,4.121953499,46.89327603
DRI,DARDEN RESTAURANTS INC,2017,91.66458499,0.34375,0.65625,6,235,-0.894913345,0.380858203,25.74988017,0.154158428,0.98630137,1.46651193,7.028054377
DRI,DARDEN RESTAURANTS INC,2018,96.30797509,0.43125,0.73125,8,193,0.784834219,0.434433878,1.722863021,0.189577473,0.994520548,-0.09324128,4.599270706
DRI,DARDEN RESTAURANTS INC,2019,109.93,0.425,0.74375,3,140,0.794072506,0.428719025,13.79749548,0.137400344,0.791780822,1.013527489,-1.874340961
